,FSRQ,DWJZ,LJJZ,SDATE,ACTUALSYI,NAVTYPE,JZZZL,SGZT,SHZT,FHFCZ,FHFCBZ,DTYPE,FHSP
0,2022-04-11,1.7417,1.7417,,,1,-2.81,开放申购,开放赎回,,,,
1,2022-04-08,1.7921,1.7921,,,1,2.68,开放申购,开放赎回,,,,
2,2022-04-07,1.7454,1.7454,,,1,0.81,开放申购,开放赎回,,,,
3,2022-04-06,1.7314,1.7314,,,1,-1.40,开放申购,开放赎回,,,,
4,2022-04-01,1.7560,1.7560,,,1,1.35,开放申购,开放赎回,,,,
5,2022-03-31,1.7326,1.7326,,,1,-1.27,开放申购,开放赎回,,,,
6,2022-03-30,1.7548,1.7548,,,1,0.94,开放申购,开放赎回,,,,
7,2022-03-29,1.7384,1.7384,,,1,-0.60,开放申购,开放赎回,,,,
8,2022-03-28,1.7489,1.7489,,,1,-2.44,开放申购,开放赎回,,,,
9,2022-03-25,1.7926,1.7926,,,1,3.33,开放申购,开放赎回,,,,
10,2022-03-24,1.7348,1.7348,,,1,0.54,开放申购,开放赎回,,,,
11,2022-03-23,1.7255,1.7255,,,1,2.15,开放申购,开放赎回,,,,
12,2022-03-22,1.6891,1.6891,,,1,-0.90,开放申购,开放赎回,,,,
13,2022-03-21,1.7044,1.7044,,,1,4.25,开放申购,开放赎回,,,,
14,2022-03-18,1.6349,1.6349,,,1,0.39,开放申购,开放赎回,,,,
15,2022-03-17,1.6286,1.6286,,,1,3.61,开放申购,开放赎回,,,,
16,2022-03-16,1.5718,1.5718,,,1,0.41,开放申购,开放赎回,,,,
17,2022-03-15,1.5654,1.5654,,,1,-1.13,开放申购,开放赎回,,,,
18,2022-03-14,1.5833,1.5833,,,1,-2.40,开放申购,开放赎回,,,,
19,2022-03-11,1.6223,1.6223,,,1,-1.17,开放申购,开放赎回,,,,
20,2022-03-10,1.6415,1.6415,,,1,2.29,开放申购,开放赎回,,,,
21,2022-03-09,1.6047,1.6047,,,1,-1.50,开放申购,开放赎回,,,,
22,2022-03-08,1.6292,1.6292,,,1,-0.94,开放申购,开放赎回,,,,
23,2022-03-07,1.6446,1.6446,,,1,-0.04,开放申购,开放赎回,,,,
24,2022-03-04,1.6452,1.6452,,,1,2.89,开放申购,开放赎回,,,,
25,2022-03-03,1.5990,1.5990,,,1,-1.03,开放申购,开放赎回,,,,
26,2022-03-02,1.6156,1.6156,,,1,1.87,开放申购,开放赎回,,,,
27,2022-03-01,1.5859,1.5859,,,1,0.34,开放申购,开放赎回,,,,
28,2022-02-28,1.5805,1.5805,,,1,3.25,开放申购,开放赎回,,,,
29,2022-02-25,1.5307,1.5307,,,1,1.92,开放申购,开放赎回,,,,
30,2022-02-24,1.5018,1.5018,,,1,0.25,开放申购,开放赎回,,,,
31,2022-02-23,1.4981,1.4981,,,1,0.65,开放申购,开放赎回,,,,
32,2022-02-22,1.4884,1.4884,,,1,-1.89,开放申购,开放赎回,,,,
33,2022-02-21,1.5170,1.5170,,,1,0.07,暂停申购,暂停赎回,,,,
34,2022-02-18,1.5159,1.5159,,,1,-0.54,开放申购,开放赎回,,,,
35,2022-02-17,1.5241,1.5241,,,1,0.26,开放申购,开放赎回,,,,
36,2022-02-16,1.5201,1.5201,,,1,0.22,开放申购,开放赎回,,,,
37,2022-02-15,1.5167,1.5167,,,1,-1.27,开放申购,开放赎回,,,,
38,2022-02-14,1.5362,1.5362,,,1,-2.14,开放申购,开放赎回,,,,
39,2022-02-11,1.5698,1.5698,,,1,2.72,开放申购,开放赎回,,,,
40,2022-02-10,1.5283,1.5283,,,1,-0.14,开放申购,开放赎回,,,,
41,2022-02-09,1.5305,1.5305,,,1,1.22,开放申购,开放赎回,,,,
42,2022-02-08,1.5121,1.5121,,,1,-2.02,开放申购,开放赎回,,,,
43,2022-02-07,1.5433,1.5433,,,1,4.30,开放申购,开放赎回,,,,
44,2022-01-28,1.4797,1.4797,,,1,0.93,开放申购,开放赎回,,,,
45,2022-01-27,1.4661,1.4661,,,1,1.33,开放申购,开放赎回,,,,
46,2022-01-26,1.4468,1.4468,,,1,-0.58,开放申购,开放赎回,,,,
47,2022-01-25,1.4553,1.4553,,,1,3.70,开放申购,开放赎回,,,,
48,2022-01-24,1.4034,1.4034,,,1,0.75,开放申购,开放赎回,,,,
49,2022-01-21,1.3929,1.3929,,,1,-2.67,开放申购,开放赎回,,,,
50,2022-01-20,1.4311,1.4311,,,1,-2.29,开放申购,开放赎回,,,,
51,2022-01-19,1.4647,1.4647,,,1,-0.79,开放申购,开放赎回,,,,
52,2022-01-18,1.4764,1.4764,,,1,-0.72,开放申购,开放赎回,,,,
53,2022-01-17,1.4871,1.4871,,,1,-0.12,暂停申购,暂停赎回,,,,
54,2022-01-14,1.4889,1.4889,,,1,2.85,开放申购,开放赎回,,,,
55,2022-01-13,1.4476,1.4476,,,1,-1.04,开放申购,开放赎回,,,,
56,2022-01-12,1.4628,1.4628,,,1,1.02,开放申购,开放赎回,,,,
57,2022-01-11,1.4481,1.4481,,,1,3.24,开放申购,开放赎回,,,,
58,2022-01-10,1.4027,1.4027,,,1,-0.36,开放申购,开放赎回,,,,
59,2022-01-07,1.4077,1.4077,,,1,1.17,开放申购,开放赎回,,,,
60,2022-01-06,1.3914,1.3914,,,1,2.88,开放申购,开放赎回,,,,
61,2022-01-05,1.3525,1.3525,,,1,-1.45,开放申购,开放赎回,,,,
62,2022-01-04,1.3724,1.3724,,,1,6.88,开放申购,开放赎回,,,,
63,2021-12-31,1.2841,1.2841,,,1,0.18,开放申购,开放赎回,,,,
64,2021-12-30,1.2818,1.2818,,,1,-1.35,开放申购,开放赎回,,,,
65,2021-12-29,1.2994,1.2994,,,1,-0.33,开放申购,开放赎回,,,,
66,2021-12-28,1.3037,1.3037,,,1,-0.17,开放申购,开放赎回,,,,
67,2021-12-27,1.3059,1.3059,,,1,3.14,开放申购,开放赎回,,,,
68,2021-12-24,1.2662,1.2662,,,1,0.06,暂停申购,暂停赎回,,,,
69,2021-12-23,1.2655,1.2655,,,1,-0.20,开放申购,开放赎回,,,,
70,2021-12-22,1.2680,1.2680,,,1,0.50,开放申购,开放赎回,,,,
71,2021-12-21,1.2617,1.2617,,,1,3.55,开放申购,开放赎回,,,,
72,2021-12-20,1.2185,1.2185,,,1,-0.73,开放申购,开放赎回,,,,
73,2021-12-17,1.2274,1.2274,,,1,-1.95,开放申购,开放赎回,,,,
74,2021-12-16,1.2518,1.2518,,,1,0.30,开放申购,开放赎回,,,,
75,2021-12-15,1.2481,1.2481,,,1,-0.07,开放申购,开放赎回,,,,
76,2021-12-14,1.2490,1.2490,,,1,-0.79,开放申购,开放赎回,,,,
77,2021-12-13,1.2590,1.2590,,,1,-3.39,开放申购,开放赎回,,,,
78,2021-12-10,1.3032,1.3032,,,1,1.26,开放申购,开放赎回,,,,
79,2021-12-09,1.2870,1.2870,,,1,-1.89,开放申购,开放赎回,,,,
80,2021-12-08,1.3118,1.3118,,,1,-0.35,开放申购,开放赎回,,,,
81,2021-12-07,1.3164,1.3164,,,1,3.27,开放申购,开放赎回,,,,
82,2021-12-06,1.2747,1.2747,,,1,1.96,开放申购,开放赎回,,,,
83,2021-12-03,1.2502,1.2502,,,1,-0.91,开放申购,开放赎回,,,,
84,2021-12-02,1.2617,1.2617,,,1,3.05,开放申购,开放赎回,,,,
85,2021-12-01,1.2243,1.2243,,,1,-2.46,开放申购,开放赎回,,,,
86,2021-11-30,1.2552,1.2552,,,1,-2.80,开放申购,开放赎回,,,,
87,2021-11-29,1.2913,1.2913,,,1,1.02,开放申购,开放赎回,,,,
88,2021-11-26,1.2782,1.2782,,,1,-5.17,开放申购,开放赎回,,,,
89,2021-11-25,1.3479,1.3479,,,1,0.10,暂停申购,暂停赎回,,,,
90,2021-11-24,1.3465,1.3465,,,1,1.45,开放申购,开放赎回,,,,
91,2021-11-23,1.3272,1.3272,,,1,3.64,开放申购,开放赎回,,,,
92,2021-11-22,1.2806,1.2806,,,1,2.15,开放申购,开放赎回,,,,
93,2021-11-19,1.2537,1.2537,,,1,-4.23,开放申购,开放赎回,,,,
94,2021-11-18,1.3091,1.3091,,,1,0.15,开放申购,开放赎回,,,,
95,2021-11-17,1.3072,1.3072,,,1,-2.27,开放申购,开放赎回,,,,
96,2021-11-16,1.3376,1.3376,,,1,-0.20,开放申购,开放赎回,,,,
97,2021-11-15,1.3403,1.3403,,,1,0.15,开放申购,开放赎回,,,,
98,2021-11-12,1.3383,1.3383,,,1,-0.25,开放申购,开放赎回,,,,
99,2021-11-11,1.3417,1.3417,,,1,1.02,开放申购,开放赎回,,,,
100,2021-11-10,1.3282,1.3282,,,1,-3.45,开放申购,开放赎回,,,,
101,2021-11-09,1.3757,1.3757,,,1,-0.11,开放申购,开放赎回,,,,
102,2021-11-08,1.3772,1.3772,,,1,1.00,开放申购,开放赎回,,,,
103,2021-11-05,1.3636,1.3636,,,1,2.53,开放申购,开放赎回,,,,
104,2021-11-04,1.3300,1.3300,,,1,-0.33,开放申购,开放赎回,,,,
105,2021-11-03,1.3344,1.3344,,,1,-0.53,开放申购,开放赎回,,,,
106,2021-11-02,1.3415,1.3415,,,1,-1.27,开放申购,开放赎回,,,,
107,2021-11-01,1.3588,1.3588,,,1,2.31,开放申购,开放赎回,,,,
108,2021-10-29,1.3281,1.3281,,,1,-1.20,开放申购,开放赎回,,,,
109,2021-10-28,1.3442,1.3442,,,1,0.62,开放申购,开放赎回,,,,
110,2021-10-27,1.3359,1.3359,,,1,-3.07,开放申购,开放赎回,,,,
111,2021-10-26,1.3782,1.3782,,,1,0.11,开放申购,开放赎回,,,,
112,2021-10-25,1.3767,1.3767,,,1,1.48,开放申购,开放赎回,,,,
113,2021-10-22,1.3566,1.3566,,,1,1.42,开放申购,开放赎回,,,,
114,2021-10-21,1.3376,1.3376,,,1,-1.78,开放申购,开放赎回,,,,
115,2021-10-20,1.3618,1.3618,,,1,0.61,开放申购,开放赎回,,,,
116,2021-10-19,1.3536,1.3536,,,1,0.56,开放申购,开放赎回,,,,
117,2021-10-18,1.3460,1.3460,,,1,0.15,开放申购,开放赎回,,,,
118,2021-10-15,1.3440,1.3440,,,1,-0.17,开放申购,开放赎回,,,,
119,2021-10-14,1.3463,1.3463,,,1,0.73,开放申购,开放赎回,,,,
120,2021-10-13,1.3366,1.3366,,,1,0.12,开放申购,开放赎回,,,,
121,2021-10-12,1.3350,1.3350,,,1,-0.22,开放申购,开放赎回,,,,
122,2021-10-11,1.3380,1.3380,,,1,-0.73,开放申购,开放赎回,,,,
123,2021-10-08,1.3478,1.3478,,,1,9.24,开放申购,开放赎回,,,,
124,2021-09-30,1.2338,1.2338,,,1,-0.49,开放申购,开放赎回,,,,
125,2021-09-29,1.2399,1.2399,,,1,0.21,开放申购,开放赎回,,,,
126,2021-09-28,1.2373,1.2373,,,1,-0.35,开放申购,开放赎回,,,,
127,2021-09-27,1.2417,1.2417,,,1,4.82,开放申购,开放赎回,,,,
128,2021-09-24,1.1846,1.1846,,,1,0.68,开放申购,开放赎回,,,,
129,2021-09-23,1.1766,1.1766,,,1,3.63,开放申购,开放赎回,,,,
130,2021-09-22,1.1354,1.1354,,,1,1.77,开放申购,开放赎回,,,,
131,2021-09-17,1.1156,1.1156,,,1,-0.36,开放申购,开放赎回,,,,
132,2021-09-16,1.1196,1.1196,,,1,-1.32,开放申购,开放赎回,,,,
133,2021-09-15,1.1346,1.1346,,,1,4.95,开放申购,开放赎回,,,,
134,2021-09-14,1.0811,1.0811,,,1,-1.93,开放申购,开放赎回,,,,
135,2021-09-13,1.1024,1.1024,,,1,3.32,开放申购,开放赎回,,,,
136,2021-09-10,1.0670,1.0670,,,1,-0.35,开放申购,开放赎回,,,,
137,2021-09-09,1.0707,1.0707,,,1,0.16,开放申购,开放赎回,,,,
138,2021-09-08,1.0690,1.0690,,,1,-0.97,开放申购,开放赎回,,,,
139,2021-09-07,1.0795,1.0795,,,1,-0.40,开放申购,开放赎回,,,,
140,2021-09-06,1.0838,1.0838,,,1,-0.08,暂停申购,暂停赎回,,,,
141,2021-09-03,1.0847,1.0847,,,1,-0.28,开放申购,开放赎回,,,,
142,2021-09-02,1.0878,1.0878,,,1,2.72,开放申购,开放赎回,,,,
143,2021-09-01,1.0590,1.0590,,,1,-1.35,开放申购,开放赎回,,,,
144,2021-08-31,1.0735,1.0735,,,1,0.01,开放申购,开放赎回,,,,
145,2021-08-30,1.0734,1.0734,,,1,-1.69,开放申购,开放赎回,,,,
146,2021-08-27,1.0918,1.0918,,,1,3.94,开放申购,开放赎回,,,,
147,2021-08-26,1.0504,1.0504,,,1,-1.58,开放申购,开放赎回,,,,
148,2021-08-25,1.0673,1.0673,,,1,1.34,开放申购,开放赎回,,,,
149,2021-08-24,1.0532,1.0532,,,1,1.77,开放申购,开放赎回,,,,
150,2021-08-23,1.0349,1.0349,,,1,4.09,开放申购,开放赎回,,,,
151,2021-08-20,0.9942,0.9942,,,1,0.75,开放申购,开放赎回,,,,
152,2021-08-19,0.9868,0.9868,,,1,-2.59,开放申购,开放赎回,,,,
153,2021-08-18,1.0130,1.0130,,,1,-1.84,开放申购,开放赎回,,,,
154,2021-08-17,1.0320,1.0320,,,1,-0.57,开放申购,开放赎回,,,,
155,2021-08-16,1.0379,1.0379,,,1,-2.63,开放申购,开放赎回,,,,
156,2021-08-13,1.0659,1.0659,,,1,-2.03,开放申购,开放赎回,,,,
157,2021-08-12,1.0880,1.0880,,,1,-0.06,开放申购,开放赎回,,,,
158,2021-08-11,1.0887,1.0887,,,1,0.60,开放申购,开放赎回,,,,
159,2021-08-10,1.0822,1.0822,,,1,2.18,开放申购,开放赎回,,,,
160,2021-08-09,1.0591,1.0591,,,1,-1.29,开放申购,开放赎回,,,,
161,2021-08-06,1.0729,1.0729,,,1,0.62,开放申购,开放赎回,,,,
162,2021-08-05,1.0663,1.0663,,,1,2.28,开放申购,开放赎回,,,,
163,2021-08-04,1.0425,1.0425,,,1,-3.45,开放申购,开放赎回,,,,
164,2021-08-03,1.0797,1.0797,,,1,2.45,开放申购,开放赎回,,,,
165,2021-08-02,1.0539,1.0539,,,1,-1.33,开放申购,开放赎回,,,,
166,2021-07-30,1.0681,1.0681,,,1,-1.92,开放申购,开放赎回,,,,
167,2021-07-29,1.0890,1.0890,,,1,0.23,开放申购,开放赎回,,,,
168,2021-07-28,1.0865,1.0865,,,1,1.75,开放申购,开放赎回,,,,
169,2021-07-27,1.0678,1.0678,,,1,-1.73,开放申购,开放赎回,,,,
170,2021-07-26,1.0866,1.0866,,,1,2.76,开放申购,开放赎回,,,,
171,2021-07-23,1.0574,1.0574,,,1,-0.82,开放申购,开放赎回,,,,
172,2021-07-22,1.0661,1.0661,,,1,-1.41,开放申购,开放赎回,,,,
173,2021-07-21,1.0813,1.0813,,,1,3.90,开放申购,开放赎回,,,,
174,2021-07-20,1.0407,1.0407,,,1,2.00,开放申购,开放赎回,,,,
175,2021-07-19,1.0203,1.0203,,,1,-3.83,开放申购,开放赎回,,,,
176,2021-07-16,1.0609,1.0609,,,1,-2.81,开放申购,开放赎回,,,,
177,2021-07-15,1.0916,1.0916,,,1,-2.09,开放申购,开放赎回,,,,
178,2021-07-14,1.1149,1.1149,,,1,-3.67,开放申购,开放赎回,,,,
179,2021-07-13,1.1574,1.1574,,,1,-0.86,开放申购,开放赎回,,,,
180,2021-07-12,1.1674,1.1674,,,1,-0.30,开放申购,开放赎回,,,,
181,2021-07-09,1.1709,1.1709,,,1,2.15,开放申购,开放赎回,,,,
182,2021-07-08,1.1462,1.1462,,,1,-0.20,开放申购,开放赎回,,,,
183,2021-07-07,1.1485,1.1485,,,1,-1.75,开放申购,开放赎回,,,,
184,2021-07-06,1.1690,1.1690,,,1,-3.59,开放申购,开放赎回,,,,
185,2021-07-05,1.2125,1.2125,,,1,-0.03,暂停申购,暂停赎回,,,,
186,2021-07-02,1.2129,1.2129,,,1,-0.70,开放申购,开放赎回,,,,
187,2021-07-01,1.2214,1.2214,,,1,2.35,开放申购,开放赎回,,,,
188,2021-06-30,1.1933,1.1933,,,1,1.99,开放申购,开放赎回,,,,
189,2021-06-29,1.1700,1.1700,,,1,-0.59,开放申购,开放赎回,,,,
190,2021-06-28,1.1770,1.1770,,,1,-4.11,开放申购,开放赎回,,,,
191,2021-06-25,1.2274,1.2274,,,1,0.72,开放申购,开放赎回,,,,
192,2021-06-24,1.2186,1.2186,,,1,1.50,开放申购,开放赎回,,,,
193,2021-06-23,1.2006,1.2006,,,1,0.65,开放申购,开放赎回,,,,
194,2021-06-22,1.1929,1.1929,,,1,0.43,开放申购,开放赎回,,,,
195,2021-06-21,1.1878,1.1878,,,1,5.21,开放申购,开放赎回,,,,
196,2021-06-18,1.1290,1.1290,,,1,-2.17,开放申购,开放赎回,,,,
197,2021-06-17,1.1540,1.1540,,,1,-3.69,开放申购,开放赎回,,,,
198,2021-06-16,1.1982,1.1982,,,1,-0.63,开放申购,开放赎回,,,,
199,2021-06-15,1.2058,1.2058,,,1,1.23,开放申购,开放赎回,,,,
200,2021-06-11,1.1912,1.1912,,,1,0.01,开放申购,开放赎回,,,,
201,2021-06-10,1.1911,1.1911,,,1,-0.16,开放申购,开放赎回,,,,
202,2021-06-09,1.1930,1.1930,,,1,-1.05,开放申购,开放赎回,,,,
203,2021-06-08,1.2057,1.2057,,,1,0.56,开放申购,开放赎回,,,,
204,2021-06-07,1.1990,1.1990,,,1,0.07,开放申购,开放赎回,,,,
205,2021-06-04,1.1982,1.1982,,,1,1.32,开放申购,开放赎回,,,,
206,2021-06-03,1.1826,1.1826,,,1,0.43,开放申购,开放赎回,,,,
207,2021-06-02,1.1775,1.1775,,,1,1.82,开放申购,开放赎回,,,,
208,2021-06-01,1.1565,1.1565,,,1,4.71,开放申购,开放赎回,,,,
209,2021-05-31,1.1045,1.1045,,,1,-0.30,暂停申购,暂停赎回,,,,
210,2021-05-28,1.1078,1.1078,,,1,-0.16,开放申购,开放赎回,,,,
211,2021-05-27,1.1096,1.1096,,,1,0.72,开放申购,开放赎回,,,,
212,2021-05-26,1.1017,1.1017,,,1,1.34,开放申购,开放赎回,,,,
213,2021-05-25,1.0871,1.0871,,,1,-2.24,开放申购,开放赎回,,,,
214,2021-05-24,1.1120,1.1120,,,1,1.04,开放申购,开放赎回,,,,
215,2021-05-21,1.1005,1.1005,,,1,-0.12,开放申购,开放赎回,,,,
216,2021-05-20,1.1018,1.1018,,,1,0.05,开放申购,开放赎回,,,,
217,2021-05-19,1.1012,1.1012,,,1,-2.24,开放申购,开放赎回,,,,
218,2021-05-18,1.1264,1.1264,,,1,-1.74,开放申购,开放赎回,,,,
219,2021-05-17,1.1464,1.1464,,,1,2.27,开放申购,开放赎回,,,,
220,2021-05-14,1.1209,1.1209,,,1,3.99,开放申购,开放赎回,,,,
221,2021-05-13,1.0779,1.0779,,,1,-1.51,开放申购,开放赎回,,,,
222,2021-05-12,1.0944,1.0944,,,1,0.15,开放申购,开放赎回,,,,
223,2021-05-11,1.0928,1.0928,,,1,-2.04,开放申购,开放赎回,,,,
224,2021-05-10,1.1156,1.1156,,,1,-0.84,开放申购,开放赎回,,,,
225,2021-05-07,1.1251,1.1251,,,1,2.33,开放申购,开放赎回,,,,
226,2021-05-06,1.0995,1.0995,,,1,6.25,开放申购,开放赎回,,,,
227,2021-04-30,1.0348,1.0348,,,1,-2.35,开放申购,开放赎回,,,,
228,2021-04-29,1.0597,1.0597,,,1,0.33,开放申购,开放赎回,,,,
229,2021-04-28,1.0562,1.0562,,,1,3.90,开放申购,开放赎回,,,,
230,2021-04-27,1.0166,1.0166,,,1,1.82,开放申购,开放赎回,,,,
231,2021-04-26,0.9984,0.9984,,,1,1.24,开放申购,开放赎回,,,,
232,2021-04-23,0.9862,0.9862,,,1,1.35,开放申购,开放赎回,,,,
233,2021-04-22,0.9731,0.9731,,,1,-1.21,开放申购,开放赎回,,,,
234,2021-04-21,0.9850,0.9850,,,1,1.46,开放申购,开放赎回,,,,
235,2021-04-20,0.9708,0.9708,,,1,-3.73,开放申购,开放赎回,,,,
236,2021-04-19,1.0084,1.0084,,,1,-0.21,开放申购,开放赎回,,,,
237,2021-04-16,1.0105,1.0105,,,1,-1.42,开放申购,开放赎回,,,,
238,2021-04-15,1.0251,1.0251,,,1,-0.96,开放申购,开放赎回,,,,
239,2021-04-14,1.0350,1.0350,,,1,3.49,开放申购,开放赎回,,,,
240,2021-04-13,1.0001,1.0001,,,1,-0.11,开放申购,开放赎回,,,,
241,2021-04-12,1.0012,1.0012,,,1,-1.11,开放申购,开放赎回,,,,
242,2021-04-09,1.0124,1.0124,,,1,-0.89,开放申购,开放赎回,,,,
243,2021-04-08,1.0215,1.0215,,,1,-1.59,开放申购,开放赎回,,,,
244,2021-04-07,1.0380,1.0380,,,1,0.13,开放申购,开放赎回,,,,
245,2021-04-06,1.0367,1.0367,,,1,-3.66,开放申购,开放赎回,,,,
246,2021-04-02,1.0761,1.0761,,,1,0.10,暂停申购,暂停赎回,,,,
247,2021-04-01,1.0750,1.0750,,,1,3.80,开放申购,开放赎回,,,,
248,2021-03-31,1.0356,1.0356,,,1,-0.35,开放申购,开放赎回,,,,
249,2021-03-30,1.0392,1.0392,,,1,-0.06,开放申购,开放赎回,,,,
250,2021-03-29,1.0398,1.0398,,,1,-2.09,开放申购,开放赎回,,,,
251,2021-03-26,1.0620,1.0620,,,1,2.89,开放申购,开放赎回,,,,
252,2021-03-25,1.0322,1.0322,,,1,1.02,开放申购,开放赎回,,,,
253,2021-03-24,1.0218,1.0218,,,1,2.71,开放申购,开放赎回,,,,
254,2021-03-23,0.9948,0.9948,,,1,-2.37,开放申购,开放赎回,,,,
255,2021-03-22,1.0189,1.0189,,,1,-1.17,开放申购,开放赎回,,,,
256,2021-03-19,1.0310,1.0310,,,1,1.77,开放申购,开放赎回,,,,
257,2021-03-18,1.0131,1.0131,,,1,-5.85,开放申购,开放赎回,,,,
258,2021-03-17,1.0760,1.0760,,,1,0.78,开放申购,开放赎回,,,,
259,2021-03-16,1.0677,1.0677,,,1,-2.51,开放申购,开放赎回,,,,
260,2021-03-15,1.0952,1.0952,,,1,-0.11,开放申购,开放赎回,,,,
261,2021-03-12,1.0964,1.0964,,,1,-0.63,开放申购,开放赎回,,,,
262,2021-03-11,1.1033,1.1033,,,1,0.85,开放申购,开放赎回,,,,
263,2021-03-10,1.0940,1.0940,,,1,2.10,开放申购,开放赎回,,,,
264,2021-03-09,1.0715,1.0715,,,1,-1.44,开放申购,开放赎回,,,,
265,2021-03-08,1.0871,1.0871,,,1,-0.68,开放申购,开放赎回,,,,
266,2021-03-05,1.0945,1.0945,,,1,3.67,开放申购,开放赎回,,,,
267,2021-03-04,1.0558,1.0558,,,1,3.36,开放申购,开放赎回,,,,
268,2021-03-03,1.0215,1.0215,,,1,2.01,开放申购,开放赎回,,,,
269,2021-03-02,1.0014,1.0014,,,1,-0.93,开放申购,开放赎回,,,,
270,2021-03-01,1.0108,1.0108,,,1,1.67,开放申购,开放赎回,,,,
271,2021-02-26,0.9942,0.9942,,,1,-1.71,开放申购,开放赎回,,,,
272,2021-02-25,1.0115,1.0115,,,1,-2.56,开放申购,开放赎回,,,,
273,2021-02-24,1.0381,1.0381,,,1,3.61,开放申购,开放赎回,,,,
274,2021-02-23,1.0019,1.0019,,,1,2.25,开放申购,开放赎回,,,,
275,2021-02-22,0.9799,0.9799,,,1,3.20,开放申购,开放赎回,,,,
276,2021-02-19,0.9495,0.9495,,,1,2.70,开放申购,开放赎回,,,,
277,2021-02-18,0.9245,0.9245,,,1,1.86,开放申购,开放赎回,,,,
278,2021-02-10,0.9076,0.9076,,,1,1.74,开放申购,开放赎回,,,,
279,2021-02-09,0.8921,0.8921,,,1,-1.49,开放申购,开放赎回,,,,
280,2021-02-08,0.9056,0.9056,,,1,5.00,开放申购,开放赎回,,,,
281,2021-02-05,0.8625,0.8625,,,1,0.34,开放申购,开放赎回,,,,
282,2021-02-04,0.8596,0.8596,,,1,0.61,开放申购,开放赎回,,,,
283,2021-02-03,0.8544,0.8544,,,1,5.08,开放申购,开放赎回,,,,
284,2021-02-02,0.8131,0.8131,,,1,1.25,开放申购,开放赎回,,,,
285,2021-02-01,0.8031,0.8031,,,1,0.99,开放申购,开放赎回,,,,
286,2021-01-29,0.7952,0.7952,,,1,-3.31,开放申购,开放赎回,,,,
287,2021-01-28,0.8224,0.8224,,,1,1.07,开放申购,开放赎回,,,,
288,2021-01-27,0.8137,0.8137,,,1,-0.60,开放申购,开放赎回,,,,
289,2021-01-26,0.8186,0.8186,,,1,-2.38,开放申购,开放赎回,,,,
290,2021-01-25,0.8386,0.8386,,,1,-0.19,开放申购,开放赎回,,,,
291,2021-01-22,0.8402,0.8402,,,1,-0.19,开放申购,开放赎回,,,,
292,2021-01-21,0.8418,0.8418,,,1,-3.89,开放申购,开放赎回,,,,
293,2021-01-20,0.8759,0.8759,,,1,-0.61,开放申购,开放赎回,,,,
294,2021-01-19,0.8813,0.8813,,,1,2.25,开放申购,开放赎回,,,,
295,2021-01-18,0.8619,0.8619,,,1,0.33,暂停申购,暂停赎回,,,,
296,2021-01-15,0.8591,0.8591,,,1,-3.74,开放申购,开放赎回,,,,
297,2021-01-14,0.8925,0.8925,,,1,3.02,开放申购,开放赎回,,,,
298,2021-01-13,0.8663,0.8663,,,1,-2.38,开放申购,开放赎回,,,,
299,2021-01-12,0.8874,0.8874,,,1,4.66,开放申购,开放赎回,,,,
300,2021-01-11,0.8479,0.8479,,,1,1.81,开放申购,开放赎回,,,,
301,2021-01-08,0.8328,0.8328,,,1,-0.99,开放申购,开放赎回,,,,
302,2021-01-07,0.8411,0.8411,,,1,2.56,开放申购,开放赎回,,,,
303,2021-01-06,0.8201,0.8201,,,1,2.55,开放申购,开放赎回,,,,
304,2021-01-05,0.7997,0.7997,,,1,4.36,开放申购,开放赎回,,,,
305,2021-01-04,0.7663,0.7663,,,1,0.30,开放申购,开放赎回,,,,
306,2020-12-31,0.7640,0.7640,,,1,-1.02,开放申购,开放赎回,,,,
307,2020-12-30,0.7719,0.7719,,,1,2.63,开放申购,开放赎回,,,,
308,2020-12-29,0.7521,0.7521,,,1,-0.12,开放申购,开放赎回,,,,
309,2020-12-28,0.7530,0.7530,,,1,-1.25,开放申购,开放赎回,,,,
310,2020-12-25,0.7625,0.7625,,,1,-0.05,暂停申购,暂停赎回,,,,
311,2020-12-24,0.7629,0.7629,,,1,-1.32,开放申购,开放赎回,,,,
312,2020-12-23,0.7731,0.7731,,,1,3.86,限制大额申购,开放赎回,,,,
313,2020-12-22,0.7444,0.7444,,,1,-1.69,限制大额申购,开放赎回,,,,
314,2020-12-21,0.7572,0.7572,,,1,-1.29,限制大额申购,开放赎回,,,,
315,2020-12-18,0.7671,0.7671,,,1,-1.36,限制大额申购,开放赎回,,,,
316,2020-12-17,0.7777,0.7777,,,1,-0.52,限制大额申购,开放赎回,,,,
317,2020-12-16,0.7818,0.7818,,,1,-1.14,限制大额申购,开放赎回,,,,
318,2020-12-15,0.7908,0.7908,,,1,2.12,限制大额申购,开放赎回,,,,
319,2020-12-14,0.7744,0.7744,,,1,-3.20,限制大额申购,开放赎回,,,,
320,2020-12-11,0.8000,0.8000,,,1,-1.76,限制大额申购,开放赎回,,,,
321,2020-12-10,0.8143,0.8143,,,1,4.01,限制大额申购,开放赎回,,,,
322,2020-12-09,0.7829,0.7829,,,1,0.69,限制大额申购,开放赎回,,,,
323,2020-12-08,0.7775,0.7775,,,1,0.71,限制大额申购,开放赎回,,,,
324,2020-12-07,0.7720,0.7720,,,1,-2.92,限制大额申购,开放赎回,,,,
325,2020-12-04,0.7952,0.7952,,,1,6.62,限制大额申购,开放赎回,,,,
326,2020-12-03,0.7458,0.7458,,,1,1.41,限制大额申购,开放赎回,,,,
327,2020-12-02,0.7354,0.7354,,,1,2.17,限制大额申购,开放赎回,,,,
328,2020-12-01,0.7198,0.7198,,,1,0.21,限制大额申购,开放赎回,,,,
329,2020-11-30,0.7183,0.7183,,,1,-5.97,限制大额申购,开放赎回,,,,
330,2020-11-27,0.7639,0.7639,,,1,-1.41,限制大额申购,开放赎回,,,,
331,2020-11-26,0.7748,0.7748,,,1,0.05,暂停申购,暂停赎回,,,,
332,2020-11-25,0.7744,0.7744,,,1,-1.73,限制大额申购,开放赎回,,,,
333,2020-11-24,0.7880,0.7880,,,1,4.48,限制大额申购,开放赎回,,,,
334,2020-11-23,0.7542,0.7542,,,1,7.30,限制大额申购,开放赎回,,,,
335,2020-11-20,0.7029,0.7029,,,1,-0.17,限制大额申购,开放赎回,,,,
336,2020-11-19,0.7041,0.7041,,,1,1.53,限制大额申购,开放赎回,,,,
337,2020-11-18,0.6935,0.6935,,,1,-2.28,限制大额申购,开放赎回,,,,
338,2020-11-17,0.7097,0.7097,,,1,1.10,限制大额申购,开放赎回,,,,
339,2020-11-16,0.7020,0.7020,,,1,5.45,限制大额申购,开放赎回,,,,
340,2020-11-13,0.6657,0.6657,,,1,5.13,限制大额申购,开放赎回,,,,
341,2020-11-12,0.6332,0.6332,,,1,-3.93,暂停申购,开放赎回,,,,
342,2020-11-11,0.6591,0.6591,,,1,0.06,暂停申购,开放赎回,,,,
343,2020-11-10,0.6587,0.6587,,,1,2.99,暂停申购,开放赎回,,,,
344,2020-11-09,0.6396,0.6396,,,1,14.85,暂停申购,开放赎回,,,,
345,2020-11-06,0.5569,0.5569,,,1,-3.25,暂停申购,开放赎回,,,,
346,2020-11-05,0.5756,0.5756,,,1,0.24,暂停申购,开放赎回,,,,
347,2020-11-04,0.5742,0.5742,,,1,0.33,暂停申购,开放赎回,,,,
348,2020-11-03,0.5723,0.5723,,,1,-1.00,暂停申购,开放赎回,,,,
349,2020-11-02,0.5781,0.5781,,,1,3.12,暂停申购,开放赎回,,,,
350,2020-10-30,0.5606,0.5606,,,1,0.04,暂停申购,开放赎回,,,,
351,2020-10-29,0.5604,0.5604,,,1,2.66,暂停申购,开放赎回,,,,
352,2020-10-28,0.5459,0.5459,,,1,-4.45,暂停申购,开放赎回,,,,
353,2020-10-27,0.5713,0.5713,,,1,-0.56,暂停申购,开放赎回,,,,
354,2020-10-26,0.5745,0.5745,,,1,-4.96,暂停申购,开放赎回,,,,
355,2020-10-23,0.6045,0.6045,,,1,0.97,暂停申购,开放赎回,,,,
356,2020-10-22,0.5987,0.5987,,,1,3.67,暂停申购,开放赎回,,,,
357,2020-10-21,0.5775,0.5775,,,1,-2.88,暂停申购,开放赎回,,,,
358,2020-10-20,0.5946,0.5946,,,1,1.28,暂停申购,开放赎回,,,,
359,2020-10-19,0.5871,0.5871,,,1,-3.01,暂停申购,开放赎回,,,,
360,2020-10-16,0.6053,0.6053,,,1,-3.01,暂停申购,开放赎回,,,,
361,2020-10-15,0.6241,0.6241,,,1,1.73,暂停申购,开放赎回,,,,
362,2020-10-14,0.6135,0.6135,,,1,0.77,暂停申购,开放赎回,,,,
363,2020-10-13,0.6088,0.6088,,,1,-1.60,暂停申购,开放赎回,,,,
364,2020-10-12,0.6187,0.6187,,,1,-0.21,暂停申购,开放赎回,,,,
365,2020-10-09,0.6200,0.6200,,,1,3.99,暂停申购,开放赎回,,,,
366,2020-09-30,0.5962,0.5962,,,1,-0.80,暂停申购,开放赎回,,,,
367,2020-09-29,0.6010,0.6010,,,1,-2.78,暂停申购,开放赎回,,,,
368,2020-09-28,0.6182,0.6182,,,1,2.28,暂停申购,开放赎回,,,,
369,2020-09-25,0.6044,0.6044,,,1,-0.03,暂停申购,开放赎回,,,,
370,2020-09-24,0.6046,0.6046,,,1,0.67,暂停申购,开放赎回,,,,
371,2020-09-23,0.6006,0.6006,,,1,-4.29,暂停申购,开放赎回,,,,
372,2020-09-22,0.6275,0.6275,,,1,-0.03,暂停申购,开放赎回,,,,
373,2020-09-21,0.6277,0.6277,,,1,-3.48,暂停申购,开放赎回,,,,
374,2020-09-18,0.6503,0.6503,,,1,-0.63,暂停申购,开放赎回,,,,
375,2020-09-17,0.6544,0.6544,,,1,0.26,暂停申购,开放赎回,,,,
376,2020-09-16,0.6527,0.6527,,,1,3.54,暂停申购,开放赎回,,,,
377,2020-09-15,0.6304,0.6304,,,1,-0.82,限制大额申购,开放赎回,,,,
378,2020-09-14,0.6356,0.6356,,,1,1.55,限制大额申购,开放赎回,,,,
379,2020-09-11,0.6259,0.6259,,,1,0.92,限制大额申购,开放赎回,,,,
380,2020-09-10,0.6202,0.6202,,,1,-5.02,限制大额申购,开放赎回,,,,
381,2020-09-09,0.6530,0.6530,,,1,0.91,限制大额申购,开放赎回,,,,
382,2020-09-08,0.6471,0.6471,,,1,-4.67,限制大额申购,开放赎回,,,,
383,2020-09-07,0.6788,0.6788,,,1,0.03,暂停申购,暂停赎回,,,,
384,2020-09-04,0.6786,0.6786,,,1,-0.21,限制大额申购,开放赎回,,,,
385,2020-09-03,0.6800,0.6800,,,1,-1.09,限制大额申购,开放赎回,,,,
386,2020-09-02,0.6875,0.6875,,,1,-1.66,限制大额申购,开放赎回,,,,
387,2020-09-01,0.6991,0.6991,,,1,-0.54,限制大额申购,开放赎回,,,,
388,2020-08-31,0.7029,0.7029,,,1,-2.86,限制大额申购,开放赎回,,,,
389,2020-08-28,0.7236,0.7236,,,1,1.56,限制大额申购,开放赎回,,,,
390,2020-08-27,0.7125,0.7125,,,1,0.93,限制大额申购,开放赎回,,,,
391,2020-08-26,0.7059,0.7059,,,1,-2.85,限制大额申购,开放赎回,,,,
392,2020-08-25,0.7266,0.7266,,,1,-0.10,限制大额申购,开放赎回,,,,
393,2020-08-24,0.7273,0.7273,,,1,2.80,限制大额申购,开放赎回,,,,
394,2020-08-21,0.7075,0.7075,,,1,-1.30,限制大额申购,开放赎回,,,,
395,2020-08-20,0.7168,0.7168,,,1,-2.34,限制大额申购,开放赎回,,,,
396,2020-08-19,0.7340,0.7340,,,1,-1.33,限制大额申购,开放赎回,,,,
397,2020-08-18,0.7439,0.7439,,,1,-1.54,限制大额申购,开放赎回,,,,
398,2020-08-17,0.7555,0.7555,,,1,-0.83,限制大额申购,开放赎回,,,,
399,2020-08-14,0.7618,0.7618,,,1,1.67,限制大额申购,开放赎回,,,,
400,2020-08-13,0.7493,0.7493,,,1,-2.57,限制大额申购,开放赎回,,,,
401,2020-08-12,0.7691,0.7691,,,1,1.57,限制大额申购,开放赎回,,,,
402,2020-08-11,0.7572,0.7572,,,1,-1.16,限制大额申购,开放赎回,,,,
403,2020-08-10,0.7661,0.7661,,,1,3.54,限制大额申购,开放赎回,,,,
404,2020-08-07,0.7399,0.7399,,,1,0.96,限制大额申购,开放赎回,,,,
405,2020-08-06,0.7329,0.7329,,,1,-1.32,限制大额申购,开放赎回,,,,
406,2020-08-05,0.7427,0.7427,,,1,1.49,暂停申购,开放赎回,,,,
407,2020-08-04,0.7318,0.7318,,,1,1.67,暂停申购,开放赎回,,,,
408,2020-08-03,0.7198,0.7198,,,1,0.13,暂停申购,开放赎回,,,,
409,2020-07-31,0.7189,0.7189,,,1,0.07,暂停申购,开放赎回,,,,
410,2020-07-30,0.7184,0.7184,,,1,-3.22,暂停申购,开放赎回,,,,
411,2020-07-29,0.7423,0.7423,,,1,3.07,暂停申购,开放赎回,,,,
412,2020-07-28,0.7202,0.7202,,,1,-1.83,暂停申购,开放赎回,,,,
413,2020-07-27,0.7336,0.7336,,,1,-1.31,暂停申购,开放赎回,,,,
414,2020-07-24,0.7433,0.7433,,,1,-0.47,暂停申购,开放赎回,,,,
415,2020-07-23,0.7468,0.7468,,,1,-0.07,暂停申购,开放赎回,,,,
416,2020-07-22,0.7473,0.7473,,,1,-1.35,暂停申购,开放赎回,,,,
417,2020-07-21,0.7575,0.7575,,,1,6.03,暂停申购,开放赎回,,,,
418,2020-07-20,0.7144,0.7144,,,1,-1.01,暂停申购,开放赎回,,,,
419,2020-07-17,0.7217,0.7217,,,1,-1.53,暂停申购,开放赎回,,,,
420,2020-07-16,0.7329,0.7329,,,1,-0.30,暂停申购,开放赎回,,,,
421,2020-07-15,0.7351,0.7351,,,1,2.54,暂停申购,开放赎回,,,,
422,2020-07-14,0.7169,0.7169,,,1,3.76,暂停申购,开放赎回,,,,
423,2020-07-13,0.6909,0.6909,,,1,-1.33,暂停申购,开放赎回,,,,
424,2020-07-10,0.7002,0.7002,,,1,2.96,暂停申购,开放赎回,,,,
425,2020-07-09,0.6801,0.6801,,,1,-5.58,暂停申购,开放赎回,,,,
426,2020-07-08,0.7203,0.7203,,,1,-0.29,暂停申购,开放赎回,,,,
427,2020-07-07,0.7224,0.7224,,,1,-3.76,暂停申购,开放赎回,,,,
428,2020-07-06,0.7506,0.7506,,,1,0.28,暂停申购,开放赎回,,,,
429,2020-07-03,0.7485,0.7485,,,1,0.09,暂停申购,暂停赎回,,,,
430,2020-07-02,0.7478,0.7478,,,1,1.45,暂停申购,开放赎回,,,,
431,2020-07-01,0.7371,0.7371,,,1,-2.83,暂停申购,开放赎回,,,,
432,2020-06-30,0.7586,0.7586,,,1,2.78,暂停申购,开放赎回,,,,
433,2020-06-29,0.7381,0.7381,,,1,-0.20,限制大额申购,开放赎回,,,,
434,2020-06-24,0.7396,0.7396,,,1,-5.51,限制大额申购,开放赎回,,,,
435,2020-06-23,0.7827,0.7827,,,1,-0.31,限制大额申购,开放赎回,,,,
436,2020-06-22,0.7851,0.7851,,,1,-0.25,限制大额申购,开放赎回,,,,
437,2020-06-19,0.7871,0.7871,,,1,-1.37,限制大额申购,开放赎回,,,,
438,2020-06-18,0.7980,0.7980,,,1,1.59,限制大额申购,开放赎回,,,,
439,2020-06-17,0.7855,0.7855,,,1,-3.89,限制大额申购,开放赎回,,,,
440,2020-06-16,0.8173,0.8173,,,1,2.86,限制大额申购,开放赎回,,,,
441,2020-06-15,0.7946,0.7946,,,1,0.16,暂停申购,开放赎回,,,,
442,2020-06-12,0.7933,0.7933,,,1,3.81,暂停申购,开放赎回,,,,
443,2020-06-11,0.7642,0.7642,,,1,-9.37,暂停申购,开放赎回,,,,
444,2020-06-10,0.8432,0.8432,,,1,-5.47,暂停申购,开放赎回,,,,
445,2020-06-09,0.8920,0.8920,,,1,-5.69,暂停申购,开放赎回,,,,
446,2020-06-08,0.9458,0.9458,,,1,5.75,暂停申购,开放赎回,,,,
447,2020-06-05,0.8944,0.8944,,,1,8.49,暂停申购,开放赎回,,,,
448,2020-06-04,0.8244,0.8244,,,1,0.32,暂停申购,开放赎回,,,,
449,2020-06-03,0.8218,0.8218,,,1,2.47,暂停申购,开放赎回,,,,
450,2020-06-02,0.8020,0.8020,,,1,3.27,暂停申购,开放赎回,,,,
451,2020-06-01,0.7766,0.7766,,,1,2.25,暂停申购,开放赎回,,,,
452,2020-05-29,0.7595,0.7595,,,1,-1.61,暂停申购,开放赎回,,,,
453,2020-05-28,0.7719,0.7719,,,1,-3.16,暂停申购,开放赎回,,,,
454,2020-05-27,0.7971,0.7971,,,1,0.92,暂停申购,开放赎回,,,,
455,2020-05-26,0.7898,0.7898,,,1,2.29,暂停申购,开放赎回,,,,
456,2020-05-25,0.7721,0.7721,,,1,0.36,暂停申购,暂停赎回,,,,
457,2020-05-22,0.7693,0.7693,,,1,-0.07,暂停申购,开放赎回,,,,
458,2020-05-21,0.7698,0.7698,,,1,-1.19,暂停申购,开放赎回,,,,
459,2020-05-20,0.7791,0.7791,,,1,3.82,暂停申购,开放赎回,,,,
460,2020-05-19,0.7504,0.7504,,,1,-2.84,暂停申购,开放赎回,,,,
461,2020-05-18,0.7723,0.7723,,,1,9.22,暂停申购,开放赎回,,,,
462,2020-05-15,0.7071,0.7071,,,1,0.64,暂停申购,开放赎回,,,,
463,2020-05-14,0.7026,0.7026,,,1,0.39,暂停申购,开放赎回,,,,
464,2020-05-13,0.6999,0.6999,,,1,-4.71,暂停申购,开放赎回,,,,
465,2020-05-12,0.7345,0.7345,,,1,-1.50,暂停申购,开放赎回,,,,
466,2020-05-11,0.7457,0.7457,,,1,-2.16,暂停申购,开放赎回,,,,
467,2020-05-08,0.7622,0.7622,,,1,4.55,暂停申购,开放赎回,,,,
468,2020-05-07,0.7290,0.7290,,,1,3.11,暂停申购,开放赎回,,,,
469,2020-05-06,0.7070,0.7070,,,1,-5.78,暂停申购,开放赎回,,,,
470,2020-04-30,0.7504,0.7504,,,1,-0.37,暂停申购,开放赎回,,,,
471,2020-04-29,0.7532,0.7532,,,1,10.31,暂停申购,开放赎回,,,,
472,2020-04-28,0.6828,0.6828,,,1,2.57,暂停申购,开放赎回,,,,
473,2020-04-27,0.6657,0.6657,,,1,2.51,暂停申购,开放赎回,,,,
474,2020-04-24,0.6494,0.6494,,,1,0.03,暂停申购,开放赎回,,,,
475,2020-04-23,0.6492,0.6492,,,1,3.20,暂停申购,开放赎回,,,,
476,2020-04-22,0.6291,0.6291,,,1,4.31,暂停申购,开放赎回,,,,
477,2020-04-21,0.6031,0.6031,,,1,-0.94,暂停申购,开放赎回,,,,
478,2020-04-20,0.6088,0.6088,,,1,-1.50,暂停申购,开放赎回,,,,
479,2020-04-17,0.6181,0.6181,,,1,11.23,暂停申购,开放赎回,,,,
480,2020-04-16,0.5557,0.5557,,,1,-4.58,暂停申购,开放赎回,,,,
481,2020-04-15,0.5824,0.5824,,,1,-4.46,暂停申购,开放赎回,,,,
482,2020-04-14,0.6096,0.6096,,,1,-0.47,暂停申购,开放赎回,,,,
483,2020-04-13,0.6125,0.6125,,,1,-0.57,暂停申购,开放赎回,,,,
484,2020-04-10,0.6160,0.6160,,,1,-0.26,暂停申购,暂停赎回,,,,
485,2020-04-09,0.6176,0.6176,,,1,-0.56,暂停申购,开放赎回,,,,
486,2020-04-08,0.6211,0.6211,,,1,6.88,暂停申购,开放赎回,,,,
487,2020-04-07,0.5811,0.5811,,,1,6.10,暂停申购,开放赎回,,,,
488,2020-04-03,0.5477,0.5477,,,1,0.50,暂停申购,开放赎回,,,,
489,2020-04-02,0.5450,0.5450,,,1,8.24,暂停申购,开放赎回,,,,
490,2020-04-01,0.5035,0.5035,,,1,-5.09,暂停申购,开放赎回,,,,
491,2020-03-31,0.5305,0.5305,,,1,2.71,暂停申购,开放赎回,,,,
492,2020-03-30,0.5165,0.5165,,,1,0.02,暂停申购,开放赎回,,,,
493,2020-03-27,0.5164,0.5164,,,1,-6.18,暂停申购,开放赎回,,,,
494,2020-03-26,0.5504,0.5504,,,1,3.89,暂停申购,开放赎回,,,,
495,2020-03-25,0.5298,0.5298,,,1,2.61,暂停申购,开放赎回,,,,
496,2020-03-24,0.5163,0.5163,,,1,13.92,暂停申购,开放赎回,,,,
497,2020-03-23,0.4532,0.4532,,,1,-7.40,暂停申购,开放赎回,,,,
498,2020-03-20,0.4894,0.4894,,,1,3.14,暂停申购,开放赎回,,,,
499,2020-03-19,0.4745,0.4745,,,1,8.04,暂停申购,开放赎回,,,,
500,2020-03-18,0.4392,0.4392,,,1,-7.13,暂停申购,开放赎回,,,,
501,2020-03-17,0.4729,0.4729,,,1,-1.75,暂停申购,开放赎回,,,,
502,2020-03-16,0.4813,0.4813,,,1,-6.34,暂停申购,开放赎回,,,,
503,2020-03-13,0.5139,0.5139,,,1,7.13,限制大额申购,开放赎回,,,,
504,2020-03-12,0.4797,0.4797,,,1,-6.98,限制大额申购,开放赎回,,,,
505,2020-03-11,0.5157,0.5157,,,1,-4.68,限制大额申购,开放赎回,,,,
506,2020-03-10,0.5410,0.5410,,,1,3.86,限制大额申购,开放赎回,,,,
507,2020-03-09,0.5209,0.5209,,,1,-17.57,限制大额申购,开放赎回,,,,
508,2020-03-06,0.6319,0.6319,,,1,-5.70,限制大额申购,开放赎回,,,,
509,2020-03-05,0.6701,0.6701,,,1,-3.71,限制大额申购,开放赎回,,,,
510,2020-03-04,0.6959,0.6959,,,1,1.09,限制大额申购,开放赎回,,,,
511,2020-03-03,0.6884,0.6884,,,1,-3.19,限制大额申购,开放赎回,,,,
512,2020-03-02,0.7111,0.7111,,,1,0.44,暂停申购,开放赎回,,,,
513,2020-02-28,0.7080,0.7080,,,1,2.12,暂停申购,开放赎回,,,,
514,2020-02-27,0.6933,0.6933,,,1,-5.65,暂停申购,开放赎回,,,,
515,2020-02-26,0.7348,0.7348,,,1,-3.97,暂停申购,开放赎回,,,,
516,2020-02-25,0.7652,0.7652,,,1,-4.60,暂停申购,开放赎回,,,,
517,2020-02-24,0.8021,0.8021,,,1,-4.92,暂停申购,开放赎回,,,,
518,2020-02-21,0.8436,0.8436,,,1,-1.29,暂停申购,开放赎回,,,,
519,2020-02-20,0.8546,0.8546,,,1,0.48,暂停申购,开放赎回,,,,
520,2020-02-19,0.8505,0.8505,,,1,2.43,暂停申购,开放赎回,,,,
521,2020-02-18,0.8303,0.8303,,,1,-0.80,暂停申购,开放赎回,,,,
522,2020-02-17,0.8370,0.8370,,,1,-0.08,暂停申购,暂停赎回,,,,
523,2020-02-14,0.8377,0.8377,,,1,-0.69,暂停申购,开放赎回,,,,
524,2020-02-13,0.8435,0.8435,,,1,-0.22,暂停申购,开放赎回,,,,
525,2020-02-12,0.8454,0.8454,,,1,0.92,暂停申购,开放赎回,,,,
526,2020-02-11,0.8377,0.8377,,,1,0.90,开放申购,开放赎回,,,,
527,2020-02-10,0.8302,0.8302,,,1,-0.85,开放申购,开放赎回,,,,
528,2020-02-07,0.8373,0.8373,,,1,-1.23,开放申购,开放赎回,,,,
529,2020-02-06,0.8477,0.8477,,,1,-1.07,开放申购,开放赎回,,,,
530,2020-02-05,0.8569,0.8569,,,1,3.99,开放申购,开放赎回,,,,
531,2020-02-04,0.8240,0.8240,,,1,1.19,开放申购,开放赎回,,,,
532,2020-02-03,0.8143,0.8143,,,1,-8.14,开放申购,开放赎回,,,,
533,2020-01-23,0.8865,0.8865,,,1,,开放申购,开放赎回,,,,
534,2020-01-22,0.8932,0.8932,,,1,-1.07,开放申购,开放赎回,,,,
535,2020-01-21,0.9029,0.9029,,,1,-1.94,开放申购,开放赎回,,,,
536,2020-01-20,0.9208,0.9208,,,1,-0.31,暂停申购,暂停赎回,,,,
537,2020-01-17,0.9237,0.9237,,,1,-0.66,开放申购,开放赎回,,,,
538,2020-01-16,0.9298,0.9298,,,1,-0.03,开放申购,开放赎回,,,,
539,2020-01-15,0.9301,0.9301,,,1,-1.05,开放申购,开放赎回,,,,
540,2020-01-14,0.9400,0.9400,,,1,0.23,开放申购,开放赎回,,,,
541,2020-01-13,0.9378,0.9378,,,1,-0.69,开放申购,开放赎回,,,,
542,2020-01-10,0.9443,0.9443,,,1,-0.83,开放申购,开放赎回,,,,
543,2020-01-09,0.9522,0.9522,,,1,0.91,开放申购,开放赎回,,,,
544,2020-01-08,0.9436,0.9436,,,1,-2.66,开放申购,开放赎回,,,,
545,2020-01-07,0.9694,0.9694,,,1,0.79,开放申购,开放赎回,,,,
546,2020-01-06,0.9618,0.9618,,,1,1.14,开放申购,开放赎回,,,,
547,2020-01-03,0.9510,0.9510,,,1,-0.24,开放申购,开放赎回,,,,
548,2020-01-02,0.9533,0.9533,,,1,0.27,开放申购,开放赎回,,,,
549,2019-12-31,0.9507,0.9507,,,1,1.02,开放申购,开放赎回,,,,
550,2019-12-30,0.9411,0.9411,,,1,-0.57,开放申购,开放赎回,,,,
551,2019-12-27,0.9465,0.9465,,,1,-0.68,开放申购,开放赎回,,,,
552,2019-12-26,0.9530,0.9530,,,1,-0.38,开放申购,开放赎回,,,,
553,2019-12-25,0.9566,0.9566,,,1,-0.09,暂停申购,暂停赎回,,,,
554,2019-12-24,0.9575,0.9575,,,1,0.20,开放申购,开放赎回,,,,
555,2019-12-23,0.9556,0.9556,,,1,1.47,开放申购,开放赎回,,,,
556,2019-12-20,0.9418,0.9418,,,1,0.65,开放申购,开放赎回,,,,
557,2019-12-19,0.9357,0.9357,,,1,0.48,开放申购,开放赎回,,,,
558,2019-12-18,0.9312,0.9312,,,1,0.38,开放申购,开放赎回,,,,
559,2019-12-17,0.9277,0.9277,,,1,0.86,开放申购,开放赎回,,,,
560,2019-12-16,0.9198,0.9198,,,1,1.64,开放申购,开放赎回,,,,
561,2019-12-13,0.9050,0.9050,,,1,-0.98,开放申购,开放赎回,,,,
562,2019-12-12,0.9140,0.9140,,,1,2.02,开放申购,开放赎回,,,,
563,2019-12-11,0.8959,0.8959,,,1,-0.39,开放申购,开放赎回,,,,
564,2019-12-10,0.8994,0.8994,,,1,0.45,开放申购,开放赎回,,,,
565,2019-12-09,0.8954,0.8954,,,1,-0.38,开放申购,开放赎回,,,,
566,2019-12-06,0.8988,0.8988,,,1,2.29,开放申购,开放赎回,,,,
567,2019-12-05,0.8787,0.8787,,,1,-0.57,开放申购,开放赎回,,,,
568,2019-12-04,0.8837,0.8837,,,1,2.15,开放申购,开放赎回,,,,
569,2019-12-03,0.8651,0.8651,,,1,-1.87,开放申购,开放赎回,,,,
570,2019-12-02,0.8816,0.8816,,,1,-0.08,开放申购,开放赎回,,,,
571,2019-11-29,0.8823,0.8823,,,1,-1.37,开放申购,开放赎回,,,,
572,2019-11-28,0.8946,0.8946,,,1,-0.11,暂停申购,暂停赎回,,,,
573,2019-11-27,0.8956,0.8956,,,1,0.45,开放申购,开放赎回,,,,
574,2019-11-26,0.8916,0.8916,,,1,-1.59,开放申购,开放赎回,,,,
575,2019-11-25,0.9060,0.9060,,,1,0.75,开放申购,开放赎回,,,,
576,2019-11-22,0.8993,0.8993,,,1,-0.43,开放申购,开放赎回,,,,
577,2019-11-21,0.9032,0.9032,,,1,1.48,开放申购,开放赎回,,,,
578,2019-11-20,0.8900,0.8900,,,1,1.16,开放申购,开放赎回,,,,
579,2019-11-19,0.8798,0.8798,,,1,-1.76,开放申购,开放赎回,,,,
580,2019-11-18,0.8956,0.8956,,,1,-1.68,开放申购,开放赎回,,,,
581,2019-11-15,0.9109,0.9109,,,1,0.89,开放申购,开放赎回,,,,
582,2019-11-14,0.9029,0.9029,,,1,0.00,开放申购,开放赎回,,,,
583,2019-11-13,0.9029,0.9029,,,1,-1.00,开放申购,开放赎回,,,,
584,2019-11-12,0.9120,0.9120,,,1,-0.36,开放申购,开放赎回,,,,
585,2019-11-11,0.9153,0.9153,,,1,-1.00,开放申购,开放赎回,,,,
586,2019-11-08,0.9245,0.9245,,,1,0.01,开放申购,开放赎回,,,,
587,2019-11-07,0.9244,0.9244,,,1,1.90,开放申购,开放赎回,,,,
588,2019-11-06,0.9072,0.9072,,,1,-2.73,开放申购,开放赎回,,,,
589,2019-11-05,0.9327,0.9327,,,1,0.03,开放申购,开放赎回,,,,
590,2019-11-04,0.9324,0.9324,,,1,2.32,开放申购,开放赎回,,,,
591,2019-11-01,0.9113,0.9113,,,1,2.74,开放申购,开放赎回,,,,
592,2019-10-31,0.8870,0.8870,,,1,-0.43,开放申购,开放赎回,,,,
593,2019-10-30,0.8908,0.8908,,,1,-2.76,开放申购,开放赎回,,,,
594,2019-10-29,0.9161,0.9161,,,1,1.07,开放申购,开放赎回,,,,
595,2019-10-28,0.9064,0.9064,,,1,-0.60,开放申购,开放赎回,,,,
596,2019-10-25,0.9119,0.9119,,,1,1.19,开放申购,开放赎回,,,,
597,2019-10-24,0.9012,0.9012,,,1,0.32,开放申购,开放赎回,,,,
598,2019-10-23,0.8983,0.8983,,,1,0.89,开放申购,开放赎回,,,,
599,2019-10-22,0.8904,0.8904,,,1,1.38,开放申购,开放赎回,,,,
600,2019-10-21,0.8783,0.8783,,,1,1.55,开放申购,开放赎回,,,,
601,2019-10-18,0.8649,0.8649,,,1,-1.03,开放申购,开放赎回,,,,
602,2019-10-17,0.8739,0.8739,,,1,0.24,开放申购,开放赎回,,,,
603,2019-10-16,0.8718,0.8718,,,1,-1.09,开放申购,开放赎回,,,,
604,2019-10-15,0.8814,0.8814,,,1,0.57,开放申购,开放赎回,,,,
605,2019-10-14,0.8764,0.8764,,,1,-0.65,开放申购,开放赎回,,,,
606,2019-10-11,0.8821,0.8821,,,1,1.45,开放申购,开放赎回,,,,
607,2019-10-10,0.8695,0.8695,,,1,1.49,开放申购,开放赎回,,,,
608,2019-10-09,0.8567,0.8567,,,1,1.18,开放申购,开放赎回,,,,
609,2019-10-08,0.8467,0.8467,,,1,-5.22,开放申购,开放赎回,,,,
610,2019-09-30,0.8933,0.8933,,,1,-0.67,开放申购,开放赎回,,,,
611,2019-09-27,0.8993,0.8993,,,1,0.20,开放申购,开放赎回,,,,
612,2019-09-26,0.8975,0.8975,,,1,-1.36,开放申购,开放赎回,,,,
613,2019-09-25,0.9099,0.9099,,,1,0.42,开放申购,开放赎回,,,,
614,2019-09-24,0.9061,0.9061,,,1,-1.84,开放申购,开放赎回,,,,
615,2019-09-23,0.9231,0.9231,,,1,0.05,开放申购,开放赎回,,,,
616,2019-09-20,0.9226,0.9226,,,1,0.28,开放申购,开放赎回,,,,
617,2019-09-19,0.9200,0.9200,,,1,-0.55,开放申购,开放赎回,,,,
618,2019-09-18,0.9251,0.9251,,,1,-0.71,开放申购,开放赎回,,,,
619,2019-09-17,0.9317,0.9317,,,1,-2.44,开放申购,开放赎回,,,,
620,2019-09-16,0.9550,0.9550,,,1,6.18,开放申购,开放赎回,,,,
621,2019-09-12,0.8994,0.8994,,,1,-1.25,开放申购,开放赎回,,,,
622,2019-09-11,0.9108,0.9108,,,1,0.55,开放申购,开放赎回,,,,
623,2019-09-10,0.9058,0.9058,,,1,1.08,开放申购,开放赎回,,,,
624,2019-09-09,0.8961,0.8961,,,1,2.88,开放申购,开放赎回,,,,
625,2019-09-06,0.8710,0.8710,,,1,0.08,开放申购,开放赎回,,,,
626,2019-09-05,0.8703,0.8703,,,1,1.17,开放申购,开放赎回,,,,
627,2019-09-04,0.8602,0.8602,,,1,1.69,开放申购,开放赎回,,,,
628,2019-09-03,0.8459,0.8459,,,1,-0.61,开放申购,开放赎回,,,,
629,2019-09-02,0.8511,0.8511,,,1,0.00,暂停申购,暂停赎回,,,,
630,2019-08-30,0.8511,0.8511,,,1,-0.33,开放申购,开放赎回,,,,
631,2019-08-29,0.8539,0.8539,,,1,2.20,开放申购,开放赎回,,,,
632,2019-08-28,0.8355,0.8355,,,1,2.15,开放申购,开放赎回,,,,
633,2019-08-27,0.8179,0.8179,,,1,-0.69,开放申购,开放赎回,,,,
634,2019-08-26,0.8236,0.8236,,,1,0.30,开放申购,开放赎回,,,,
635,2019-08-23,0.8211,0.8211,,,1,-3.46,开放申购,开放赎回,,,,
636,2019-08-22,0.8505,0.8505,,,1,-0.85,开放申购,开放赎回,,,,
637,2019-08-21,0.8578,0.8578,,,1,0.42,开放申购,开放赎回,,,,
638,2019-08-20,0.8542,0.8542,,,1,-0.87,开放申购,开放赎回,,,,
639,2019-08-19,0.8617,0.8617,,,1,2.80,开放申购,开放赎回,,,,
640,2019-08-16,0.8382,0.8382,,,1,1.91,开放申购,开放赎回,,,,
641,2019-08-15,0.8225,0.8225,,,1,-0.34,开放申购,开放赎回,,,,
642,2019-08-14,0.8253,0.8253,,,1,-3.86,开放申购,开放赎回,,,,
643,2019-08-13,0.8584,0.8584,,,1,1.13,开放申购,开放赎回,,,,
644,2019-08-12,0.8488,0.8488,,,1,-1.24,开放申购,开放赎回,,,,
645,2019-08-09,0.8595,0.8595,,,1,-0.73,开放申购,开放赎回,,,,
646,2019-08-08,0.8658,0.8658,,,1,2.72,开放申购,开放赎回,,,,
647,2019-08-07,0.8429,0.8429,,,1,-0.08,开放申购,开放赎回,,,,
648,2019-08-06,0.8436,0.8436,,,1,0.05,开放申购,开放赎回,,,,
649,2019-08-05,0.8432,0.8432,,,1,-3.41,开放申购,开放赎回,,,,
650,2019-08-02,0.8730,0.8730,,,1,-1.24,开放申购,开放赎回,,,,
651,2019-08-01,0.8840,0.8840,,,1,-3.36,开放申购,开放赎回,,,,
652,2019-07-31,0.9147,0.9147,,,1,-0.11,开放申购,开放赎回,,,,
653,2019-07-30,0.9157,0.9157,,,1,2.46,开放申购,开放赎回,,,,
654,2019-07-29,0.8937,0.8937,,,1,-0.83,开放申购,开放赎回,,,,
655,2019-07-26,0.9012,0.9012,,,1,-0.34,开放申购,开放赎回,,,,
656,2019-07-25,0.9043,0.9043,,,1,-2.10,开放申购,开放赎回,,,,
657,2019-07-24,0.9237,0.9237,,,1,0.66,开放申购,开放赎回,,,,
658,2019-07-23,0.9176,0.9176,,,1,0.46,开放申购,开放赎回,,,,
659,2019-07-22,0.9134,0.9134,,,1,0.26,开放申购,开放赎回,,,,
660,2019-07-19,0.9110,0.9110,,,1,0.65,开放申购,开放赎回,,,,
661,2019-07-18,0.9051,0.9051,,,1,0.23,开放申购,开放赎回,,,,
662,2019-07-17,0.9030,0.9030,,,1,-1.46,开放申购,开放赎回,,,,
663,2019-07-16,0.9164,0.9164,,,1,-0.87,开放申购,开放赎回,,,,
664,2019-07-15,0.9244,0.9244,,,1,-1.73,开放申购,开放赎回,,,,
665,2019-07-12,0.9407,0.9407,,,1,0.47,开放申购,开放赎回,,,,
666,2019-07-11,0.9363,0.9363,,,1,-0.34,开放申购,开放赎回,,,,
667,2019-07-10,0.9395,0.9395,,,1,1.51,开放申购,开放赎回,,,,
668,2019-07-09,0.9255,0.9255,,,1,0.09,开放申购,开放赎回,,,,
669,2019-07-08,0.9247,0.9247,,,1,-0.18,开放申购,开放赎回,,,,
670,2019-07-05,0.9264,0.9264,,,1,0.49,开放申购,开放赎回,,,,
671,2019-07-04,0.9219,0.9219,,,1,0.08,暂停申购,暂停赎回,,,,
672,2019-07-03,0.9212,0.9212,,,1,0.48,开放申购,开放赎回,,,,
673,2019-07-02,0.9168,0.9168,,,1,-3.00,开放申购,开放赎回,,,,
674,2019-07-01,0.9452,0.9452,,,1,0.17,开放申购,开放赎回,,,,
675,2019-06-30,0.9435,0.9435,,,0,,开放申购,开放赎回,,,,
676,2019-06-28,0.9436,0.9436,,,1,1.06,开放申购,开放赎回,,,,
677,2019-06-27,0.9337,0.9337,,,1,-0.56,开放申购,开放赎回,,,,
678,2019-06-26,0.9390,0.9390,,,1,2.86,开放申购,开放赎回,,,,
679,2019-06-25,0.9129,0.9129,,,1,-0.47,开放申购,开放赎回,,,,
680,2019-06-24,0.9172,0.9172,,,1,-1.06,开放申购,开放赎回,,,,
681,2019-06-21,0.9270,0.9270,,,1,-0.11,开放申购,开放赎回,,,,
682,2019-06-20,0.9280,0.9280,,,1,2.39,开放申购,开放赎回,,,,
683,2019-06-19,0.9063,0.9063,,,1,-0.23,开放申购,开放赎回,,,,
684,2019-06-18,0.9084,0.9084,,,1,1.68,开放申购,开放赎回,,,,
685,2019-06-17,0.8934,0.8934,,,1,0.97,开放申购,开放赎回,,,,
686,2019-06-14,0.8848,0.8848,,,1,-1.07,开放申购,开放赎回,,,,
687,2019-06-13,0.8944,0.8944,,,1,1.53,开放申购,开放赎回,,,,
688,2019-06-12,0.8809,0.8809,,,1,-1.77,开放申购,开放赎回,,,,
689,2019-06-11,0.8968,0.8968,,,1,0.20,开放申购,开放赎回,,,,
690,2019-06-10,0.8950,0.8950,,,1,0.28,开放申购,开放赎回,,,,
691,2019-06-06,0.8925,0.8925,,,1,1.17,开放申购,开放赎回,,,,
692,2019-06-05,0.8822,0.8822,,,1,-1.98,开放申购,开放赎回,,,,
693,2019-06-04,0.9000,0.9000,,,1,1.44,开放申购,开放赎回,,,,
694,2019-06-03,0.8872,0.8872,,,1,0.83,开放申购,开放赎回,,,,
695,2019-05-31,0.8799,0.8799,,,1,-1.48,开放申购,开放赎回,,,,
696,2019-05-30,0.8931,0.8931,,,1,-2.01,开放申购,开放赎回,,,,
697,2019-05-29,0.9114,0.9114,,,1,-0.07,开放申购,开放赎回,,,,
698,2019-05-28,0.9120,0.9120,,,1,-0.70,开放申购,开放赎回,,,,
699,2019-05-27,0.9184,0.9184,,,1,-0.12,暂停申购,暂停赎回,,,,
700,2019-05-24,0.9195,0.9195,,,1,-0.01,开放申购,开放赎回,,,,
701,2019-05-23,0.9196,0.9196,,,1,-4.49,开放申购,开放赎回,,,,
702,2019-05-22,0.9628,0.9628,,,1,-2.60,开放申购,开放赎回,,,,
703,2019-05-21,0.9885,0.9885,,,1,1.89,开放申购,开放赎回,,,,
704,2019-05-20,0.9702,0.9702,,,1,-0.13,开放申购,开放赎回,,,,
705,2019-05-17,0.9715,0.9715,,,1,-1.28,开放申购,开放赎回,,,,
706,2019-05-16,0.9841,0.9841,,,1,1.18,开放申购,开放赎回,,,,
707,2019-05-15,0.9726,0.9726,,,1,0.83,开放申购,开放赎回,,,,
708,2019-05-14,0.9646,0.9646,,,1,2.37,开放申购,开放赎回,,,,
709,2019-05-13,0.9423,0.9423,,,1,-2.00,开放申购,开放赎回,,,,
710,2019-05-10,0.9615,0.9615,,,1,0.99,开放申购,开放赎回,,,,
711,2019-05-09,0.9521,0.9521,,,1,-0.37,开放申购,开放赎回,,,,
712,2019-05-08,0.9556,0.9556,,,1,0.22,开放申购,开放赎回,,,,
713,2019-05-07,0.9535,0.9535,,,1,-0.58,开放申购,开放赎回,,,,
714,2019-05-06,0.9591,0.9591,,,1,-3.10,开放申购,开放赎回,,,,
715,2019-04-30,0.9898,0.9898,,,1,-0.46,开放申购,开放赎回,,,,
716,2019-04-29,0.9944,0.9944,,,1,-0.15,开放申购,开放赎回,,,,
717,2019-04-26,0.9959,0.9959,,,1,-1.21,开放申购,开放赎回,,,,
718,2019-04-25,1.0081,1.0081,,,1,-0.47,开放申购,开放赎回,,,,
719,2019-04-24,1.0129,1.0129,,,1,-1.13,开放申购,开放赎回,,,,
720,2019-04-23,1.0245,1.0245,,,1,-0.12,开放申购,开放赎回,,,,
721,2019-04-22,1.0257,1.0257,,,1,2.40,开放申购,开放赎回,,,,
722,2019-04-19,1.0017,1.0017,,,1,0.19,暂停申购,暂停赎回,,,,
723,2019-04-18,0.9998,0.9998,,,1,-0.55,开放申购,开放赎回,,,,
724,2019-04-17,1.0053,1.0053,,,1,0.15,开放申购,开放赎回,,,,
725,2019-04-16,1.0038,1.0038,,,1,0.29,开放申购,开放赎回,,,,
726,2019-04-15,1.0009,1.0009,,,1,-1.27,开放申购,开放赎回,,,,
727,2019-04-12,1.0138,1.0138,,,1,4.04,开放申购,开放赎回,,,,
728,2019-04-11,0.9744,0.9744,,,1,-0.65,开放申购,开放赎回,,,,
729,2019-04-10,0.9808,0.9808,,,1,1.29,开放申购,开放赎回,,,,
730,2019-04-09,0.9683,0.9683,,,1,-1.70,开放申购,开放赎回,,,,
731,2019-04-08,0.9850,0.9850,,,1,3.51,开放申购,开放赎回,,,,
732,2019-04-04,0.9516,0.9516,,,1,0.61,开放申购,开放赎回,,,,
733,2019-04-03,0.9458,0.9458,,,1,-1.37,开放申购,开放赎回,,,,
734,2019-04-02,0.9589,0.9589,,,1,-1.25,开放申购,开放赎回,,,,
735,2019-04-01,0.9710,0.9710,,,1,0.91,开放申购,开放赎回,,,,
736,2019-03-29,0.9622,0.9622,,,1,-0.29,开放申购,开放赎回,,,,
737,2019-03-28,0.9650,0.9650,,,1,0.29,开放申购,开放赎回,,,,
738,2019-03-27,0.9622,0.9622,,,1,-0.21,开放申购,开放赎回,,,,
739,2019-03-26,0.9642,0.9642,,,1,1.85,开放申购,开放赎回,,,,
740,2019-03-25,0.9467,0.9467,,,1,0.50,开放申购,开放赎回,,,,
741,2019-03-22,0.9420,0.9420,,,1,-3.22,开放申购,开放赎回,,,,
742,2019-03-21,0.9733,0.9733,,,1,0.40,开放申购,开放赎回,,,,
743,2019-03-20,0.9694,0.9694,,,1,1.70,开放申购,开放赎回,,,,
744,2019-03-19,0.9532,0.9532,,,1,-0.55,开放申购,开放赎回,,,,
745,2019-03-18,0.9585,0.9585,,,1,1.59,开放申购,开放赎回,,,,
746,2019-03-15,0.9435,0.9435,,,1,0.19,开放申购,开放赎回,,,,
747,2019-03-14,0.9417,0.9417,,,1,0.12,开放申购,开放赎回,,,,
748,2019-03-13,0.9406,0.9406,,,1,1.42,开放申购,开放赎回,,,,
749,2019-03-12,0.9274,0.9274,,,1,1.17,开放申购,开放赎回,,,,
750,2019-03-11,0.9167,0.9167,,,1,1.77,开放申购,开放赎回,,,,
751,2019-03-08,0.9008,0.9008,,,1,-2.85,开放申购,开放赎回,,,,
752,2019-03-07,0.9272,0.9272,,,1,-0.86,开放申购,开放赎回,,,,
753,2019-03-06,0.9352,0.9352,,,1,-1.79,开放申购,开放赎回,,,,
754,2019-03-05,0.9522,0.9522,,,1,-0.98,开放申购,开放赎回,,,,
755,2019-03-04,0.9616,0.9616,,,1,0.46,开放申购,开放赎回,,,,
756,2019-03-01,0.9572,0.9572,,,1,1.86,开放申购,开放赎回,,,,
757,2019-02-28,0.9397,0.9397,,,1,-1.32,开放申购,开放赎回,,,,
758,2019-02-27,0.9523,0.9523,,,1,0.04,开放申购,开放赎回,,,,
759,2019-02-26,0.9519,0.9519,,,1,-0.97,开放申购,开放赎回,,,,
760,2019-02-25,0.9612,0.9612,,,1,-0.20,开放申购,开放赎回,,,,
761,2019-02-22,0.9631,0.9631,,,1,0.40,开放申购,开放赎回,,,,
762,2019-02-21,0.9593,0.9593,,,1,-2.46,开放申购,开放赎回,,,,
763,2019-02-20,0.9835,0.9835,,,1,0.04,开放申购,开放赎回,,,,
764,2019-02-19,0.9831,0.9831,,,1,,开放申购,开放赎回,,,,
765,2019-02-15,0.9835,0.9835,,,1,1.73,开放申购,开放赎回,,,,
766,2019-02-14,0.9668,0.9668,,,1,0.84,开放申购,开放赎回,,,,
767,2019-02-13,0.9587,0.9587,,,1,1.57,开放申购,开放赎回,,,,
768,2019-02-12,0.9439,0.9439,,,1,1.28,开放申购,开放赎回,,,,
769,2019-02-11,0.9320,0.9320,,,1,-3.44,开放申购,开放赎回,,,,
770,2019-02-01,0.9652,0.9652,,,1,0.24,开放申购,开放赎回,,,,
771,2019-01-31,0.9629,0.9629,,,1,-0.28,开放申购,开放赎回,,,,
772,2019-01-30,0.9656,0.9656,,,1,1.62,开放申购,开放赎回,,,,
773,2019-01-29,0.9502,0.9502,,,1,0.36,开放申购,开放赎回,,,,
774,2019-01-28,0.9468,0.9468,,,1,-1.89,开放申购,开放赎回,,,,
775,2019-01-25,0.9650,0.9650,,,1,1.97,开放申购,开放赎回,,,,
776,2019-01-24,0.9464,0.9464,,,1,-0.13,开放申购,开放赎回,,,,
777,2019-01-23,0.9476,0.9476,,,1,-0.91,开放申购,开放赎回,,,,
778,2019-01-22,0.9563,0.9563,,,1,,开放申购,开放赎回,,,,
779,2019-01-18,0.9829,0.9829,,,1,1.52,限制大额申购,开放赎回,,,,
780,2019-01-17,0.9682,0.9682,,,1,1.03,限制大额申购,开放赎回,,,,
781,2019-01-16,0.9583,0.9583,,,1,0.05,限制大额申购,开放赎回,,,,
782,2019-01-15,0.9578,0.9578,,,1,0.41,限制大额申购,开放赎回,,,,
783,2019-01-14,0.9539,0.9539,,,1,-0.38,限制大额申购,开放赎回,,,,
784,2019-01-11,0.9575,0.9575,,,1,-1.22,限制大额申购,开放赎回,,,,
785,2019-01-10,0.9693,0.9693,,,1,0.01,限制大额申购,开放赎回,,,,
786,2019-01-09,0.9692,0.9692,,,1,2.31,限制大额申购,开放赎回,,,,
787,2019-01-08,0.9473,0.9473,,,1,0.86,限制大额申购,开放赎回,,,,
788,2019-01-07,0.9392,0.9392,,,1,1.55,限制大额申购,开放赎回,,,,
789,2019-01-04,0.9249,0.9249,,,1,4.03,限制大额申购,开放赎回,,,,
790,2019-01-03,0.8891,0.8891,,,1,-0.55,限制大额申购,开放赎回,,,,
791,2019-01-02,0.8940,0.8940,,,1,2.98,限制大额申购,开放赎回,,,,
792,2018-12-31,0.8756,0.8756,,,0,,限制大额申购,开放赎回,,,,
793,2018-12-28,0.8681,0.8681,,,1,-1.77,限制大额申购,开放赎回,,,,
794,2018-12-27,0.8837,0.8837,,,1,0.75,限制大额申购,开放赎回,,,,
795,2018-12-26,0.8771,0.8771,,,1,,限制大额申购,开放赎回,,,,
796,2018-12-24,0.8157,0.8157,,,1,-4.25,限制大额申购,开放赎回,,,,
797,2018-12-21,0.8519,0.8519,,,1,-1.68,限制大额申购,开放赎回,,,,
798,2018-12-20,0.8665,0.8665,,,1,-2.62,限制大额申购,开放赎回,,,,
799,2018-12-19,0.8898,0.8898,,,1,-0.73,限制大额申购,开放赎回,,,,
800,2018-12-18,0.8963,0.8963,,,1,-2.11,限制大额申购,开放赎回,,,,
801,2018-12-17,0.9156,0.9156,,,1,-2.13,限制大额申购,开放赎回,,,,
802,2018-12-14,0.9355,0.9355,,,1,-2.89,限制大额申购,开放赎回,,,,
803,2018-12-13,0.9633,0.9633,,,1,-0.69,限制大额申购,开放赎回,,,,
804,2018-12-12,0.9700,0.9700,,,1,0.78,限制大额申购,开放赎回,,,,
805,2018-12-11,0.9625,0.9625,,,1,0.51,限制大额申购,开放赎回,,,,
806,2018-12-10,0.9576,0.9576,,,1,-1.99,限制大额申购,开放赎回,,,,
807,2018-12-07,0.9770,0.9770,,,1,-0.55,限制大额申购,开放赎回,,,,
808,2018-12-06,0.9824,0.9824,,,1,,限制大额申购,开放赎回,,,,
809,2018-12-04,1.0055,1.0055,,,1,-3.89,限制大额申购,开放赎回,,,,
810,2018-12-03,1.0462,1.0462,,,1,2.93,限制大额申购,开放赎回,,,,
811,2018-11-30,1.0164,1.0164,,,1,-0.84,限制大额申购,开放赎回,,,,
812,2018-11-29,1.0250,1.0250,,,1,0.54,限制大额申购,开放赎回,,,,
813,2018-11-28,1.0195,1.0195,,,1,1.49,限制大额申购,开放赎回,,,,
814,2018-11-27,1.0045,1.0045,,,1,-0.77,限制大额申购,开放赎回,,,,
815,2018-11-26,1.0123,1.0123,,,1,2.16,限制大额申购,开放赎回,,,,
816,2018-11-23,0.9909,0.9909,,,1,,限制大额申购,开放赎回,,,,
817,2018-11-21,1.0296,1.0296,,,1,2.47,限制大额申购,开放赎回,,,,
818,2018-11-20,1.0048,1.0048,,,1,-3.62,限制大额申购,开放赎回,,,,
819,2018-11-19,1.0425,1.0425,,,1,-1.00,限制大额申购,开放赎回,,,,
820,2018-11-16,1.0530,1.0530,,,1,0.77,限制大额申购,开放赎回,,,,
821,2018-11-15,1.0450,1.0450,,,1,1.89,限制大额申购,开放赎回,,,,
822,2018-11-14,1.0256,1.0256,,,1,-0.35,限制大额申购,开放赎回,,,,
823,2018-11-13,1.0292,1.0292,,,1,-2.08,限制大额申购,开放赎回,,,,
824,2018-11-12,1.0511,1.0511,,,1,-2.71,限制大额申购,开放赎回,,,,
825,2018-11-09,1.0804,1.0804,,,1,0.35,限制大额申购,开放赎回,,,,
826,2018-11-08,1.0766,1.0766,,,1,-3.14,限制大额申购,开放赎回,,,,
827,2018-11-07,1.1115,1.1115,,,1,2.29,限制大额申购,开放赎回,,,,
828,2018-11-06,1.0866,1.0866,,,1,-0.19,限制大额申购,开放赎回,,,,
829,2018-11-05,1.0887,1.0887,,,1,1.44,限制大额申购,开放赎回,,,,
830,2018-11-02,1.0732,1.0732,,,1,-2.63,限制大额申购,开放赎回,,,,
831,2018-11-01,1.1022,1.1022,,,1,1.23,限制大额申购,开放赎回,,,,
832,2018-10-31,1.0888,1.0888,,,1,1.13,限制大额申购,开放赎回,,,,
833,2018-10-30,1.0766,1.0766,,,1,2.87,限制大额申购,开放赎回,,,,
834,2018-10-29,1.0466,1.0466,,,1,-2.92,限制大额申购,开放赎回,,,,
835,2018-10-26,1.0781,1.0781,,,1,-0.78,限制大额申购,开放赎回,,,,
836,2018-10-25,1.0866,1.0866,,,1,1.66,限制大额申购,开放赎回,,,,
837,2018-10-24,1.0689,1.0689,,,1,-4.79,限制大额申购,开放赎回,,,,
838,2018-10-23,1.1227,1.1227,,,1,-2.95,开放申购,开放赎回,,,,
839,2018-10-22,1.1568,1.1568,,,1,-1.16,开放申购,开放赎回,,,,
840,2018-10-19,1.1704,1.1704,,,1,-1.80,开放申购,开放赎回,,,,
841,2018-10-18,1.1919,1.1919,,,1,-0.63,开放申购,开放赎回,,,,
842,2018-10-17,1.1994,1.1994,,,1,-1.58,开放申购,开放赎回,,,,
843,2018-10-16,1.2186,1.2186,,,1,1.16,开放申购,开放赎回,,,,
844,2018-10-15,1.2046,1.2046,,,1,-0.48,开放申购,开放赎回,,,,
845,2018-10-12,1.2104,1.2104,,,1,1.12,开放申购,开放赎回,,,,
846,2018-10-11,1.1970,1.1970,,,1,-2.59,开放申购,开放赎回,,,,
847,2018-10-10,1.2288,1.2288,,,1,-4.03,开放申购,开放赎回,,,,
848,2018-10-09,1.2804,1.2804,,,1,1.16,开放申购,开放赎回,,,,
849,2018-10-08,1.2657,1.2657,,,1,1.56,开放申购,开放赎回,,,,
850,2018-09-28,1.2462,1.2462,,,1,0.22,开放申购,开放赎回,,,,
851,2018-09-27,1.2435,1.2435,,,1,0.39,开放申购,开放赎回,,,,
852,2018-09-26,1.2387,1.2387,,,1,-0.98,开放申购,开放赎回,,,,
853,2018-09-25,1.2509,1.2509,,,1,2.89,开放申购,开放赎回,,,,
854,2018-09-21,1.2158,1.2158,,,1,0.61,开放申购,开放赎回,,,,
855,2018-09-20,1.2084,1.2084,,,1,-0.27,开放申购,开放赎回,,,,
856,2018-09-19,1.2117,1.2117,,,1,-0.14,开放申购,开放赎回,,,,
857,2018-09-18,1.2134,1.2134,,,1,1.18,开放申购,开放赎回,,,,
858,2018-09-17,1.1992,1.1992,,,1,0.03,开放申购,开放赎回,,,,
859,2018-09-14,1.1988,1.1988,,,1,0.25,开放申购,开放赎回,,,,
860,2018-09-13,1.1958,1.1958,,,1,-0.08,开放申购,开放赎回,,,,
861,2018-09-12,1.1967,1.1967,,,1,0.90,开放申购,开放赎回,,,,
862,2018-09-11,1.1860,1.1860,,,1,1.35,开放申购,开放赎回,,,,
863,2018-09-10,1.1702,1.1702,,,1,0.31,开放申购,开放赎回,,,,
864,2018-09-07,1.1666,1.1666,,,1,-0.66,开放申购,开放赎回,,,,
865,2018-09-06,1.1744,1.1744,,,1,-2.27,开放申购,开放赎回,,,,
866,2018-09-05,1.2017,1.2017,,,1,-0.42,开放申购,开放赎回,,,,
867,2018-09-04,1.2068,1.2068,,,1,,开放申购,开放赎回,,,,
868,2018-08-31,1.2142,1.2142,,,1,-0.38,开放申购,开放赎回,,,,
869,2018-08-30,1.2188,1.2188,,,1,0.00,开放申购,开放赎回,,,,
870,2018-08-29,1.2188,1.2188,,,1,0.98,开放申购,开放赎回,,,,
871,2018-08-28,1.2070,1.2070,,,1,-1.24,开放申购,开放赎回,,,,
872,2018-08-27,1.2221,1.2221,,,1,0.18,开放申购,开放赎回,,,,
873,2018-08-24,1.2199,1.2199,,,1,1.56,开放申购,开放赎回,,,,
874,2018-08-23,1.2012,1.2012,,,1,0.04,开放申购,开放赎回,,,,
875,2018-08-22,1.2007,1.2007,,,1,1.35,开放申购,开放赎回,,,,
876,2018-08-21,1.1847,1.1847,,,1,0.42,开放申购,开放赎回,,,,
877,2018-08-20,1.1798,1.1798,,,1,0.56,开放申购,开放赎回,,,,
878,2018-08-17,1.1732,1.1732,,,1,0.15,开放申购,开放赎回,,,,
879,2018-08-16,1.1715,1.1715,,,1,0.76,开放申购,开放赎回,,,,
880,2018-08-15,1.1627,1.1627,,,1,-4.06,开放申购,开放赎回,,,,
881,2018-08-14,1.2119,1.2119,,,1,0.77,开放申购,开放赎回,,,,
882,2018-08-13,1.2026,1.2026,,,1,-1.02,开放申购,开放赎回,,,,
883,2018-08-10,1.2150,1.2150,,,1,0.71,开放申购,开放赎回,,,,
884,2018-08-09,1.2064,1.2064,,,1,-0.56,开放申购,开放赎回,,,,
885,2018-08-08,1.2132,1.2132,,,1,-1.02,开放申购,开放赎回,,,,
886,2018-08-07,1.2257,1.2257,,,1,0.11,开放申购,开放赎回,,,,
887,2018-08-06,1.2244,1.2244,,,1,0.91,开放申购,开放赎回,,,,
888,2018-08-03,1.2133,1.2133,,,1,-0.77,开放申购,开放赎回,,,,
889,2018-08-02,1.2227,1.2227,,,1,-0.44,开放申购,开放赎回,,,,
890,2018-08-01,1.2281,1.2281,,,1,-1.15,开放申购,开放赎回,,,,
891,2018-07-31,1.2424,1.2424,,,1,-0.12,开放申购,开放赎回,,,,
892,2018-07-30,1.2439,1.2439,,,1,1.57,开放申购,开放赎回,,,,
893,2018-07-27,1.2247,1.2247,,,1,-0.58,开放申购,开放赎回,,,,
894,2018-07-26,1.2319,1.2319,,,1,0.69,开放申购,开放赎回,,,,
895,2018-07-25,1.2235,1.2235,,,1,1.32,开放申购,开放赎回,,,,
896,2018-07-24,1.2076,1.2076,,,1,1.54,开放申购,开放赎回,,,,
897,2018-07-23,1.1893,1.1893,,,1,-0.16,开放申购,开放赎回,,,,
898,2018-07-20,1.1912,1.1912,,,1,0.47,开放申购,开放赎回,,,,
899,2018-07-19,1.1856,1.1856,,,1,0.28,开放申购,开放赎回,,,,
900,2018-07-18,1.1823,1.1823,,,1,0.31,开放申购,开放赎回,,,,
901,2018-07-17,1.1786,1.1786,,,1,-0.08,开放申购,开放赎回,,,,
902,2018-07-16,1.1796,1.1796,,,1,-1.40,开放申购,开放赎回,,,,
903,2018-07-13,1.1964,1.1964,,,1,0.66,开放申购,开放赎回,,,,
904,2018-07-12,1.1886,1.1886,,,1,0.82,开放申购,开放赎回,,,,
905,2018-07-11,1.1789,1.1789,,,1,-2.27,开放申购,开放赎回,,,,
906,2018-07-10,1.2063,1.2063,,,1,-0.07,开放申购,开放赎回,,,,
907,2018-07-09,1.2072,1.2072,,,1,1.98,开放申购,开放赎回,,,,
908,2018-07-06,1.1838,1.1838,,,1,1.54,开放申购,开放赎回,,,,
909,2018-07-05,1.1659,1.1659,,,1,,开放申购,开放赎回,,,,
910,2018-07-03,1.1748,1.1748,,,1,1.33,开放申购,开放赎回,,,,
911,2018-07-02,1.1594,1.1594,,,1,-1.58,开放申购,开放赎回,,,,
912,2018-06-30,1.1779,1.1779,,,0,,开放申购,开放赎回,,,,
913,2018-06-29,1.1780,1.1780,,,1,0.89,开放申购,开放赎回,,,,
914,2018-06-28,1.1676,1.1676,,,1,0.31,开放申购,开放赎回,,,,
915,2018-06-27,1.1640,1.1640,,,1,1.94,开放申购,开放赎回,,,,
916,2018-06-26,1.1419,1.1419,,,1,2.32,开放申购,开放赎回,,,,
917,2018-06-25,1.1160,1.1160,,,1,-2.41,开放申购,开放赎回,,,,
918,2018-06-22,1.1436,1.1436,,,1,2.85,开放申购,开放赎回,,,,
919,2018-06-21,1.1119,1.1119,,,1,-2.40,开放申购,开放赎回,,,,
920,2018-06-20,1.1392,1.1392,,,1,1.81,开放申购,开放赎回,,,,
921,2018-06-19,1.1190,1.1190,,,1,1.87,开放申购,开放赎回,,,,
922,2018-06-15,1.0985,1.0985,,,1,-1.95,开放申购,开放赎回,,,,
923,2018-06-14,1.1203,1.1203,,,1,-1.17,开放申购,开放赎回,,,,
924,2018-06-13,1.1336,1.1336,,,1,0.04,开放申购,开放赎回,,,,
925,2018-06-12,1.1332,1.1332,,,1,-0.60,开放申购,开放赎回,,,,
926,2018-06-11,1.1400,1.1400,,,1,0.59,开放申购,开放赎回,,,,
927,2018-06-08,1.1333,1.1333,,,1,-0.33,开放申购,开放赎回,,,,
928,2018-06-07,1.1371,1.1371,,,1,1.65,开放申购,开放赎回,,,,
929,2018-06-06,1.1186,1.1186,,,1,-0.39,开放申购,开放赎回,,,,
930,2018-06-05,1.1230,1.1230,,,1,-0.74,开放申购,开放赎回,,,,
931,2018-06-04,1.1314,1.1314,,,1,-0.98,开放申购,开放赎回,,,,
932,2018-06-01,1.1426,1.1426,,,1,0.53,开放申购,开放赎回,,,,
933,2018-05-31,1.1366,1.1366,,,1,-1.25,开放申购,开放赎回,,,,
934,2018-05-30,1.1510,1.1510,,,1,3.54,开放申购,开放赎回,,,,
935,2018-05-29,1.1116,1.1116,,,1,,开放申购,开放赎回,,,,
936,2018-05-25,1.1073,1.1073,,,1,-2.45,开放申购,开放赎回,,,,
937,2018-05-24,1.1351,1.1351,,,1,-0.90,开放申购,开放赎回,,,,
938,2018-05-23,1.1454,1.1454,,,1,-0.44,开放申购,开放赎回,,,,
939,2018-05-22,1.1505,1.1505,,,1,-1.78,开放申购,开放赎回,,,,
940,2018-05-21,1.1713,1.1713,,,1,1.30,开放申购,开放赎回,,,,
941,2018-05-18,1.1563,1.1563,,,1,-0.58,开放申购,开放赎回,,,,
942,2018-05-17,1.1631,1.1631,,,1,2.32,开放申购,开放赎回,,,,
943,2018-05-16,1.1367,1.1367,,,1,0.74,开放申购,开放赎回,,,,
944,2018-05-15,1.1283,1.1283,,,1,0.54,开放申购,开放赎回,,,,
945,2018-05-14,1.1222,1.1222,,,1,0.49,开放申购,开放赎回,,,,
946,2018-05-11,1.1167,1.1167,,,1,-0.92,开放申购,开放赎回,,,,
947,2018-05-10,1.1271,1.1271,,,1,0.38,开放申购,开放赎回,,,,
948,2018-05-09,1.1228,1.1228,,,1,1.68,开放申购,开放赎回,,,,
949,2018-05-08,1.1043,1.1043,,,1,1.38,开放申购,开放赎回,,,,
950,2018-05-07,1.0893,1.0893,,,1,0.29,开放申购,开放赎回,,,,
951,2018-05-04,1.0861,1.0861,,,1,0.49,开放申购,开放赎回,,,,
952,2018-05-03,1.0808,1.0808,,,1,-0.50,开放申购,开放赎回,,,,
953,2018-05-02,1.0862,1.0862,,,1,1.32,开放申购,开放赎回,,,,
954,2018-04-27,1.0720,1.0720,,,1,-1.29,开放申购,开放赎回,,,,
955,2018-04-26,1.0860,1.0860,,,1,2.10,开放申购,开放赎回,,,,
956,2018-04-25,1.0637,1.0637,,,1,0.54,开放申购,开放赎回,,,,
957,2018-04-24,1.0580,1.0580,,,1,-0.82,开放申购,开放赎回,,,,
958,2018-04-23,1.0667,1.0667,,,1,0.70,开放申购,开放赎回,,,,
959,2018-04-20,1.0593,1.0593,,,1,-0.11,开放申购,开放赎回,,,,
960,2018-04-19,1.0605,1.0605,,,1,0.12,开放申购,开放赎回,,,,
961,2018-04-18,1.0592,1.0592,,,1,1.89,开放申购,开放赎回,,,,
962,2018-04-17,1.0396,1.0396,,,1,0.62,开放申购,开放赎回,,,,
963,2018-04-16,1.0332,1.0332,,,1,1.23,开放申购,开放赎回,,,,
964,2018-04-13,1.0206,1.0206,,,1,1.69,开放申购,开放赎回,,,,
965,2018-04-12,1.0036,1.0036,,,1,-0.26,开放申购,开放赎回,,,,
966,2018-04-11,1.0062,1.0062,,,1,1.26,开放申购,开放赎回,,,,
967,2018-04-10,0.9937,0.9937,,,1,3.56,开放申购,开放赎回,,,,
968,2018-04-09,0.9595,0.9595,,,1,0.47,开放申购,开放赎回,,,,
969,2018-04-04,0.9550,0.9550,,,1,-0.01,开放申购,开放赎回,,,,
970,2018-04-03,0.9551,0.9551,,,1,1.90,开放申购,开放赎回,,,,
971,2018-04-02,0.9373,0.9373,,,1,,开放申购,开放赎回,,,,
972,2018-03-29,0.9678,0.9678,,,1,2.62,开放申购,开放赎回,,,,
973,2018-03-28,0.9431,0.9431,,,1,-1.68,开放申购,开放赎回,,,,
974,2018-03-27,0.9592,0.9592,,,1,-2.04,开放申购,开放赎回,,,,
975,2018-03-26,0.9792,0.9792,,,1,1.87,开放申购,开放赎回,,,,
976,2018-03-23,0.9612,0.9612,,,1,0.07,开放申购,开放赎回,,,,
977,2018-03-22,0.9605,0.9605,,,1,-1.81,开放申购,开放赎回,,,,
978,2018-03-21,0.9782,0.9782,,,1,3.50,开放申购,开放赎回,,,,
979,2018-03-20,0.9451,0.9451,,,1,1.61,开放申购,开放赎回,,,,
980,2018-03-19,0.9301,0.9301,,,1,-2.01,开放申购,开放赎回,,,,
981,2018-03-16,0.9492,0.9492,,,1,1.63,开放申购,开放赎回,,,,
982,2018-03-15,0.9340,0.9340,,,1,-1.11,开放申购,开放赎回,,,,
983,2018-03-14,0.9445,0.9445,,,1,-0.22,开放申购,开放赎回,,,,
984,2018-03-13,0.9466,0.9466,,,1,-0.67,开放申购,开放赎回,,,,
985,2018-03-12,0.9530,0.9530,,,1,-0.64,开放申购,开放赎回,,,,
986,2018-03-09,0.9591,0.9591,,,1,2.13,开放申购,开放赎回,,,,
987,2018-03-08,0.9391,0.9391,,,1,-0.01,开放申购,开放赎回,,,,
988,2018-03-07,0.9392,0.9392,,,1,-0.62,开放申购,开放赎回,,,,
989,2018-03-06,0.9451,0.9451,,,1,-0.38,开放申购,开放赎回,,,,
990,2018-03-05,0.9487,0.9487,,,1,1.42,开放申购,开放赎回,,,,
991,2018-03-02,0.9354,0.9354,,,1,1.06,开放申购,开放赎回,,,,
992,2018-03-01,0.9256,0.9256,,,1,0.44,开放申购,开放赎回,,,,
993,2018-02-28,0.9215,0.9215,,,1,-2.35,开放申购,开放赎回,,,,
994,2018-02-27,0.9437,0.9437,,,1,-2.09,开放申购,开放赎回,,,,
995,2018-02-26,0.9638,0.9638,,,1,0.08,开放申购,开放赎回,,,,
996,2018-02-23,0.9630,0.9630,,,1,2.18,开放申购,开放赎回,,,,
997,2018-02-22,0.9425,0.9425,,,1,-1.37,开放申购,开放赎回,,,,
998,2018-02-14,0.9556,0.9556,,,1,3.53,开放申购,开放赎回,,,,
999,2018-02-13,0.9230,0.9230,,,1,-0.19,开放申购,开放赎回,,,,
1000,2018-02-12,0.9248,0.9248,,,1,2.23,开放申购,开放赎回,,,,
1001,2018-02-09,0.9046,0.9046,,,1,0.42,开放申购,开放赎回,,,,
1002,2018-02-08,0.9008,0.9008,,,1,-4.28,开放申购,开放赎回,,,,
1003,2018-02-07,0.9411,0.9411,,,1,-2.13,开放申购,开放赎回,,,,
1004,2018-02-06,0.9616,0.9616,,,1,0.93,开放申购,开放赎回,,,,
1005,2018-02-05,0.9527,0.9527,,,1,-3.02,开放申购,开放赎回,,,,
1006,2018-02-02,0.9824,0.9824,,,1,-3.70,开放申购,开放赎回,,,,
1007,2018-02-01,1.0201,1.0201,,,1,-0.07,开放申购,开放赎回,,,,
1008,2018-01-31,1.0208,1.0208,,,1,0.14,开放申购,开放赎回,,,,
1009,2018-01-30,1.0194,1.0194,,,1,-2.55,开放申购,开放赎回,,,,
1010,2018-01-29,1.0461,1.0461,,,1,-2.02,开放申购,开放赎回,,,,
1011,2018-01-26,1.0677,1.0677,,,1,0.28,开放申购,开放赎回,,,,
1012,2018-01-25,1.0647,1.0647,,,1,-1.54,开放申购,开放赎回,,,,
1013,2018-01-24,1.0814,1.0814,,,1,-0.44,开放申购,开放赎回,,,,
1014,2018-01-23,1.0862,1.0862,,,1,0.06,开放申购,开放赎回,,,,
1015,2018-01-22,1.0855,1.0855,,,1,2.04,开放申购,开放赎回,,,,
1016,2018-01-19,1.0638,1.0638,,,1,-0.51,开放申购,开放赎回,,,,
1017,2018-01-18,1.0693,1.0693,,,1,-0.60,开放申购,开放赎回,,,,
1018,2018-01-17,1.0757,1.0757,,,1,0.90,开放申购,开放赎回,,,,
1019,2018-01-16,1.0661,1.0661,,,1,,开放申购,开放赎回,,,,
1020,2018-01-12,1.0920,1.0920,,,1,0.73,限制大额申购,开放赎回,,,,
1021,2018-01-11,1.0841,1.0841,,,1,2.14,限制大额申购,开放赎回,,,,
1022,2018-01-10,1.0614,1.0614,,,1,0.13,限制大额申购,开放赎回,,,,
1023,2018-01-09,1.0600,1.0600,,,1,-0.15,限制大额申购,开放赎回,,,,
1024,2018-01-08,1.0616,1.0616,,,1,0.29,限制大额申购,开放赎回,,,,
1025,2018-01-05,1.0585,1.0585,,,1,-0.38,限制大额申购,开放赎回,,,,
1026,2018-01-04,1.0625,1.0625,,,1,0.82,限制大额申购,开放赎回,,,,
1027,2018-01-03,1.0539,1.0539,,,1,0.87,限制大额申购,开放赎回,,,,
1028,2018-01-02,1.0448,1.0448,,,1,1.18,限制大额申购,开放赎回,,,,
1029,2017-12-31,1.0325,1.0325,,,0,,限制大额申购,开放赎回,,,,
1030,2017-12-29,1.0326,1.0326,,,1,-0.81,限制大额申购,开放赎回,,,,
1031,2017-12-28,1.0410,1.0410,,,1,0.30,限制大额申购,开放赎回,,,,
1032,2017-12-27,1.0379,1.0379,,,1,-0.71,限制大额申购,开放赎回,,,,
1033,2017-12-26,1.0453,1.0453,,,1,,限制大额申购,开放赎回,,,,
1034,2017-12-22,1.0345,1.0345,,,1,0.56,限制大额申购,开放赎回,,,,
1035,2017-12-21,1.0287,1.0287,,,1,1.84,限制大额申购,开放赎回,,,,
1036,2017-12-20,1.0101,1.0101,,,1,2.20,限制大额申购,开放赎回,,,,
1037,2017-12-19,0.9884,0.9884,,,1,0.12,限制大额申购,开放赎回,,,,
1038,2017-12-18,0.9872,0.9872,,,1,1.25,限制大额申购,开放赎回,,,,
1039,2017-12-15,0.9750,0.9750,,,1,-0.29,限制大额申购,开放赎回,,,,
1040,2017-12-14,0.9778,0.9778,,,1,-0.65,限制大额申购,开放赎回,,,,
1041,2017-12-13,0.9842,0.9842,,,1,-0.22,限制大额申购,开放赎回,,,,
1042,2017-12-12,0.9864,0.9864,,,1,-0.53,限制大额申购,开放赎回,,,,
1043,2017-12-11,0.9917,0.9917,,,1,0.58,限制大额申购,开放赎回,,,,
1044,2017-12-08,0.9860,0.9860,,,1,1.49,限制大额申购,开放赎回,,,,
1045,2017-12-07,0.9715,0.9715,,,1,0.75,限制大额申购,开放赎回,,,,
1046,2017-12-06,0.9643,0.9643,,,1,-2.13,限制大额申购,开放赎回,,,,
1047,2017-12-05,0.9853,0.9853,,,1,-0.14,限制大额申购,开放赎回,,,,
1048,2017-12-04,0.9867,0.9867,,,1,-0.81,限制大额申购,开放赎回,,,,
1049,2017-12-01,0.9948,0.9948,,,1,1.04,限制大额申购,开放赎回,,,,
1050,2017-11-30,0.9846,0.9846,,,1,1.83,限制大额申购,开放赎回,,,,
1051,2017-11-29,0.9669,0.9669,,,1,0.53,限制大额申购,开放赎回,,,,
1052,2017-11-28,0.9618,0.9618,,,1,0.84,限制大额申购,开放赎回,,,,
1053,2017-11-27,0.9538,0.9538,,,1,-1.68,限制大额申购,开放赎回,,,,
1054,2017-11-24,0.9701,0.9701,,,1,,限制大额申购,开放赎回,,,,
1055,2017-11-22,0.9755,0.9755,,,1,0.36,限制大额申购,开放赎回,,,,
1056,2017-11-21,0.9720,0.9720,,,1,0.44,限制大额申购,开放赎回,,,,
1057,2017-11-20,0.9677,0.9677,,,1,-0.61,限制大额申购,开放赎回,,,,
1058,2017-11-17,0.9736,0.9736,,,1,0.89,限制大额申购,开放赎回,,,,
1059,2017-11-16,0.9650,0.9650,,,1,0.19,限制大额申购,开放赎回,,,,
1060,2017-11-15,0.9632,0.9632,,,1,-1.24,限制大额申购,开放赎回,,,,
1061,2017-11-14,0.9753,0.9753,,,1,-2.15,限制大额申购,开放赎回,,,,
1062,2017-11-13,0.9967,0.9967,,,1,-0.91,限制大额申购,开放赎回,,,,
1063,2017-11-10,1.0059,1.0059,,,1,-0.52,限制大额申购,开放赎回,,,,
1064,2017-11-09,1.0112,1.0112,,,1,0.44,限制大额申购,开放赎回,,,,
1065,2017-11-08,1.0068,1.0068,,,1,-0.74,限制大额申购,开放赎回,,,,
1066,2017-11-07,1.0143,1.0143,,,1,-0.35,限制大额申购,开放赎回,,,,
1067,2017-11-06,1.0179,1.0179,,,1,3.09,限制大额申购,开放赎回,,,,
1068,2017-11-03,0.9874,0.9874,,,1,0.85,限制大额申购,开放赎回,,,,
1069,2017-11-02,0.9791,0.9791,,,1,-0.26,限制大额申购,开放赎回,,,,
1070,2017-11-01,0.9817,0.9817,,,1,2.20,限制大额申购,开放赎回,,,,
1071,2017-10-31,0.9606,0.9606,,,1,0.69,限制大额申购,开放赎回,,,,
1072,2017-10-30,0.9540,0.9540,,,1,0.56,限制大额申购,开放赎回,,,,
1073,2017-10-27,0.9487,0.9487,,,1,2.32,限制大额申购,开放赎回,,,,
1074,2017-10-26,0.9272,0.9272,,,1,0.43,限制大额申购,开放赎回,,,,
1075,2017-10-25,0.9232,0.9232,,,1,-1.02,限制大额申购,开放赎回,,,,
1076,2017-10-24,0.9327,0.9327,,,1,0.20,限制大额申购,开放赎回,,,,
1077,2017-10-23,0.9308,0.9308,,,1,-0.97,限制大额申购,开放赎回,,,,
1078,2017-10-20,0.9399,0.9399,,,1,0.55,限制大额申购,开放赎回,,,,
1079,2017-10-19,0.9348,0.9348,,,1,-0.32,限制大额申购,开放赎回,,,,
1080,2017-10-18,0.9378,0.9378,,,1,-0.33,限制大额申购,开放赎回,,,,
1081,2017-10-17,0.9409,0.9409,,,1,0.35,限制大额申购,开放赎回,,,,
1082,2017-10-16,0.9376,0.9376,,,1,-0.12,限制大额申购,开放赎回,,,,
1083,2017-10-13,0.9387,0.9387,,,1,-0.03,限制大额申购,开放赎回,,,,
1084,2017-10-12,0.9390,0.9390,,,1,-0.40,限制大额申购,开放赎回,,,,
1085,2017-10-11,0.9428,0.9428,,,1,-0.35,限制大额申购,开放赎回,,,,
1086,2017-10-10,0.9461,0.9461,,,1,-0.56,限制大额申购,开放赎回,,,,
1087,2017-10-09,0.9514,0.9514,,,1,-0.21,限制大额申购,开放赎回,,,,
1088,2017-09-29,0.9534,0.9534,,,1,0.19,限制大额申购,开放赎回,,,,
1089,2017-09-28,0.9516,0.9516,,,1,-0.14,限制大额申购,开放赎回,,,,
1090,2017-09-27,0.9529,0.9529,,,1,0.69,限制大额申购,开放赎回,,,,
1091,2017-09-26,0.9464,0.9464,,,1,0.31,限制大额申购,开放赎回,,,,
1092,2017-09-25,0.9435,0.9435,,,1,2.13,限制大额申购,开放赎回,,,,
1093,2017-09-22,0.9238,0.9238,,,1,0.66,限制大额申购,开放赎回,,,,
1094,2017-09-21,0.9177,0.9177,,,1,0.86,限制大额申购,开放赎回,,,,
1095,2017-09-20,0.9099,0.9099,,,1,1.71,限制大额申购,开放赎回,,,,
1096,2017-09-19,0.8946,0.8946,,,1,0.49,限制大额申购,开放赎回,,,,
1097,2017-09-18,0.8902,0.8902,,,1,0.63,限制大额申购,开放赎回,,,,
1098,2017-09-15,0.8846,0.8846,,,1,0.60,限制大额申购,开放赎回,,,,
1099,2017-09-14,0.8793,0.8793,,,1,0.49,限制大额申购,开放赎回,,,,
1100,2017-09-13,0.8750,0.8750,,,1,2.30,限制大额申购,开放赎回,,,,
1101,2017-09-12,0.8553,0.8553,,,1,1.47,限制大额申购,开放赎回,,,,
1102,2017-09-11,0.8429,0.8429,,,1,0.83,限制大额申购,开放赎回,,,,
1103,2017-09-08,0.8360,0.8360,,,1,-2.02,限制大额申购,开放赎回,,,,
1104,2017-09-07,0.8532,0.8532,,,1,-0.07,限制大额申购,开放赎回,,,,
1105,2017-09-06,0.8538,0.8538,,,1,1.26,限制大额申购,开放赎回,,,,
1106,2017-09-05,0.8432,0.8432,,,1,,限制大额申购,开放赎回,,,,
1107,2017-09-01,0.8546,0.8546,,,1,1.30,限制大额申购,开放赎回,,,,
1108,2017-08-31,0.8436,0.8436,,,1,0.91,限制大额申购,开放赎回,,,,
1109,2017-08-30,0.8360,0.8360,,,1,0.20,限制大额申购,开放赎回,,,,
1110,2017-08-29,0.8343,0.8343,,,1,-0.48,限制大额申购,开放赎回,,,,
1111,2017-08-28,0.8383,0.8383,,,1,-0.75,限制大额申购,开放赎回,,,,
1112,2017-08-25,0.8446,0.8446,,,1,0.13,限制大额申购,开放赎回,,,,
1113,2017-08-24,0.8435,0.8435,,,1,0.07,限制大额申购,开放赎回,,,,
1114,2017-08-23,0.8429,0.8429,,,1,0.92,限制大额申购,开放赎回,,,,
1115,2017-08-22,0.8352,0.8352,,,1,0.70,限制大额申购,开放赎回,,,,
1116,2017-08-21,0.8294,0.8294,,,1,-0.90,限制大额申购,开放赎回,,,,
1117,2017-08-18,0.8369,0.8369,,,1,0.83,限制大额申购,开放赎回,,,,
1118,2017-08-17,0.8300,0.8300,,,1,-1.71,限制大额申购,开放赎回,,,,
1119,2017-08-16,0.8444,0.8444,,,1,-1.24,限制大额申购,开放赎回,,,,
1120,2017-08-15,0.8550,0.8550,,,1,-0.21,限制大额申购,开放赎回,,,,
1121,2017-08-14,0.8568,0.8568,,,1,-0.76,限制大额申购,开放赎回,,,,
1122,2017-08-11,0.8634,0.8634,,,1,-0.30,限制大额申购,开放赎回,,,,
1123,2017-08-10,0.8660,0.8660,,,1,-1.86,限制大额申购,开放赎回,,,,
1124,2017-08-09,0.8824,0.8824,,,1,-0.31,限制大额申购,开放赎回,,,,
1125,2017-08-08,0.8851,0.8851,,,1,0.22,限制大额申购,开放赎回,,,,
1126,2017-08-07,0.8832,0.8832,,,1,-1.44,限制大额申购,开放赎回,,,,
1127,2017-08-04,0.8961,0.8961,,,1,1.45,限制大额申购,开放赎回,,,,
1128,2017-08-03,0.8833,0.8833,,,1,-3.02,限制大额申购,开放赎回,,,,
1129,2017-08-02,0.9108,0.9108,,,1,-1.15,限制大额申购,开放赎回,,,,
1130,2017-08-01,0.9214,0.9214,,,1,-0.60,限制大额申购,开放赎回,,,,
1131,2017-07-31,0.9270,0.9270,,,1,-0.27,限制大额申购,开放赎回,,,,
1132,2017-07-28,0.9295,0.9295,,,1,-0.40,限制大额申购,开放赎回,,,,
1133,2017-07-27,0.9332,0.9332,,,1,0.92,限制大额申购,开放赎回,,,,
1134,2017-07-26,0.9247,0.9247,,,1,-0.24,限制大额申购,开放赎回,,,,
1135,2017-07-25,0.9269,0.9269,,,1,2.32,限制大额申购,开放赎回,,,,
1136,2017-07-24,0.9059,0.9059,,,1,0.09,限制大额申购,开放赎回,,,,
1137,2017-07-21,0.9051,0.9051,,,1,-0.72,限制大额申购,开放赎回,,,,
1138,2017-07-20,0.9117,0.9117,,,1,-1.11,限制大额申购,开放赎回,,,,
1139,2017-07-19,0.9219,0.9219,,,1,2.12,限制大额申购,开放赎回,,,,
1140,2017-07-18,0.9028,0.9028,,,1,-0.59,限制大额申购,开放赎回,,,,
1141,2017-07-17,0.9082,0.9082,,,1,-0.31,限制大额申购,开放赎回,,,,
1142,2017-07-14,0.9110,0.9110,,,1,0.54,限制大额申购,开放赎回,,,,
1143,2017-07-13,0.9061,0.9061,,,1,0.39,限制大额申购,开放赎回,,,,
1144,2017-07-12,0.9026,0.9026,,,1,-0.15,限制大额申购,开放赎回,,,,
1145,2017-07-11,0.9040,0.9040,,,1,0.61,限制大额申购,开放赎回,,,,
1146,2017-07-10,0.8985,0.8985,,,1,1.05,限制大额申购,开放赎回,,,,
1147,2017-07-07,0.8892,0.8892,,,1,-0.12,限制大额申购,开放赎回,,,,
1148,2017-07-06,0.8903,0.8903,,,1,-1.50,限制大额申购,开放赎回,,,,
1149,2017-07-05,0.9039,0.9039,,,1,,限制大额申购,开放赎回,,,,
1150,2017-07-03,0.9243,0.9243,,,1,1.92,开放申购,开放赎回,,,,
1151,2017-06-30,0.9069,0.9069,,,1,0.19,开放申购,开放赎回,,,,
1152,2017-06-29,0.9052,0.9052,,,1,0.73,开放申购,开放赎回,,,,
1153,2017-06-28,0.8986,0.8986,,,1,0.39,开放申购,开放赎回,,,,
1154,2017-06-27,0.8951,0.8951,,,1,0.03,开放申购,开放赎回,,,,
1155,2017-06-26,0.8948,0.8948,,,1,-0.04,开放申购,开放赎回,,,,
1156,2017-06-23,0.8952,0.8952,,,1,1.39,开放申购,开放赎回,,,,
1157,2017-06-22,0.8829,0.8829,,,1,0.10,开放申购,开放赎回,,,,
1158,2017-06-21,0.8820,0.8820,,,1,-1.65,开放申购,开放赎回,,,,
1159,2017-06-20,0.8968,0.8968,,,1,-1.05,开放申购,开放赎回,,,,
1160,2017-06-19,0.9063,0.9063,,,1,-0.25,开放申购,开放赎回,,,,
1161,2017-06-16,0.9086,0.9086,,,1,1.38,开放申购,开放赎回,,,,
1162,2017-06-15,0.8962,0.8962,,,1,-1.57,开放申购,开放赎回,,,,
1163,2017-06-14,0.9105,0.9105,,,1,-2.63,开放申购,开放赎回,,,,
1164,2017-06-13,0.9351,0.9351,,,1,1.41,开放申购,开放赎回,,,,
1165,2017-06-12,0.9221,0.9221,,,1,0.32,开放申购,开放赎回,,,,
1166,2017-06-09,0.9192,0.9192,,,1,2.89,开放申购,开放赎回,,,,
1167,2017-06-08,0.8934,0.8934,,,1,-0.22,开放申购,开放赎回,,,,
1168,2017-06-07,0.8954,0.8954,,,1,-2.56,开放申购,开放赎回,,,,
1169,2017-06-06,0.9189,0.9189,,,1,1.29,开放申购,开放赎回,,,,
1170,2017-06-05,0.9072,0.9072,,,1,-0.42,开放申购,开放赎回,,,,
1171,2017-06-02,0.9110,0.9110,,,1,-1.33,开放申购,开放赎回,,,,
1172,2017-06-01,0.9233,0.9233,,,1,-0.13,开放申购,开放赎回,,,,
1173,2017-05-31,0.9245,0.9245,,,1,-2.43,开放申购,开放赎回,,,,
1174,2017-05-26,0.9475,0.9475,,,1,0.20,开放申购,开放赎回,,,,
1175,2017-05-25,0.9456,0.9456,,,1,-2.11,开放申购,开放赎回,,,,
1176,2017-05-24,0.9660,0.9660,,,1,-0.31,开放申购,开放赎回,,,,
1177,2017-05-23,0.9690,0.9690,,,1,-0.22,开放申购,开放赎回,,,,
1178,2017-05-22,0.9711,0.9711,,,1,-0.72,开放申购,开放赎回,,,,
1179,2017-05-19,0.9781,0.9781,,,1,2.07,开放申购,开放赎回,,,,
1180,2017-05-18,0.9583,0.9583,,,1,-0.42,开放申购,开放赎回,,,,
1181,2017-05-17,0.9623,0.9623,,,1,-1.18,开放申购,开放赎回,,,,
1182,2017-05-16,0.9738,0.9738,,,1,-0.71,开放申购,开放赎回,,,,
1183,2017-05-15,0.9808,0.9808,,,1,0.35,开放申购,开放赎回,,,,
1184,2017-05-12,0.9774,0.9774,,,1,-0.17,开放申购,开放赎回,,,,
1185,2017-05-11,0.9791,0.9791,,,1,-0.37,开放申购,开放赎回,,,,
1186,2017-05-10,0.9827,0.9827,,,1,1.68,开放申购,开放赎回,,,,
1187,2017-05-09,0.9665,0.9665,,,1,-0.58,开放申购,开放赎回,,,,
1188,2017-05-08,0.9721,0.9721,,,1,0.79,开放申购,开放赎回,,,,
1189,2017-05-05,0.9645,0.9645,,,1,1.93,开放申购,开放赎回,,,,
1190,2017-05-04,0.9462,0.9462,,,1,-1.60,开放申购,开放赎回,,,,
1191,2017-05-03,0.9616,0.9616,,,1,-0.30,开放申购,开放赎回,,,,
1192,2017-05-02,0.9645,0.9645,,,1,-0.59,开放申购,开放赎回,,,,
1193,2017-04-28,0.9702,0.9702,,,1,-0.09,开放申购,开放赎回,,,,
1194,2017-04-27,0.9711,0.9711,,,1,-1.01,开放申购,开放赎回,,,,
1195,2017-04-26,0.9810,0.9810,,,1,-0.42,开放申购,开放赎回,,,,
1196,2017-04-25,0.9851,0.9851,,,1,1.11,开放申购,开放赎回,,,,
1197,2017-04-24,0.9743,0.9743,,,1,0.24,开放申购,开放赎回,,,,
1198,2017-04-21,0.9720,0.9720,,,1,0.18,开放申购,开放赎回,,,,
1199,2017-04-20,0.9703,0.9703,,,1,0.45,开放申购,开放赎回,,,,
1200,2017-04-19,0.9660,0.9660,,,1,-1.55,开放申购,开放赎回,,,,
1201,2017-04-18,0.9812,0.9812,,,1,-0.82,开放申购,开放赎回,,,,
1202,2017-04-17,0.9893,0.9893,,,1,,开放申购,开放赎回,,,,
1203,2017-04-13,0.9840,0.9840,,,1,-1.61,开放申购,开放赎回,,,,
1204,2017-04-12,1.0001,1.0001,,,1,-0.55,开放申购,开放赎回,,,,
1205,2017-04-11,1.0056,1.0056,,,1,-0.12,开放申购,开放赎回,,,,
1206,2017-04-10,1.0068,1.0068,,,1,0.82,开放申购,开放赎回,,,,
1207,2017-04-07,0.9986,0.9986,,,1,-0.21,开放申购,开放赎回,,,,
1208,2017-04-06,1.0007,1.0007,,,1,0.70,开放申购,开放赎回,,,,
1209,2017-04-05,0.9937,0.9937,,,1,-0.95,开放申购,开放赎回,,,,
1210,2017-03-31,1.0032,1.0032,,,1,0.22,开放申购,开放赎回,,,,
1211,2017-03-30,1.0010,1.0010,,,1,0.33,开放申购,开放赎回,,,,
1212,2017-03-29,0.9977,0.9977,,,1,0.32,开放申购,开放赎回,,,,
1213,2017-03-28,0.9945,0.9945,,,1,0.28,开放申购,开放赎回,,,,
1214,2017-03-27,0.9917,0.9917,,,1,-0.24,开放申购,开放赎回,,,,
1215,2017-03-24,0.9941,0.9941,,,1,-0.08,开放申购,开放赎回,,,,
1216,2017-03-23,0.9949,0.9949,,,1,-0.08,开放申购,开放赎回,,,,
1217,2017-03-22,0.9957,0.9957,,,1,-0.26,开放申购,开放赎回,,,,
1218,2017-03-21,0.9983,0.9983,,,1,0.03,开放申购,开放赎回,,,,
1219,2017-03-20,0.9980,0.9980,,,1,0.13,开放申购,开放赎回,,,,
1220,2017-03-17,0.9967,0.9967,,,1,0.02,开放申购,开放赎回,,,,
1221,2017-03-16,0.9965,0.9965,,,1,-0.34,封闭期,封闭期,,,,
1222,2017-03-15,0.9999,0.9999,,,1,,封闭期,封闭期,,,,
1223,2017-03-10,0.9997,0.9997,,,1,-0.02,封闭期,封闭期,,,,
1224,2017-03-09,0.9999,0.9999,,,1,,封闭期,封闭期,,,,
1225,2017-03-03,0.9999,0.9999,,,1,,封闭期,封闭期,,,,
1226,2017-02-28,1.0000,1.0000,,,1,,封闭期,封闭期,,,,
